"ITTER107","Territorio","TIPO_DATO35","Tipo dato","REATI_PS","Tipo di delitto","RIF_TIME","Periodo del commesso delitto","TIME","Seleziona periodo","Value","Flag Codes","Flags"
"IT","Italia","CRIMEN","numero di delitti denunciati dalle forze di polizia all'autorità giudiziaria","MASSMURD","strage","YRDUR","durante l'anno di riferimento","2006","2006",26,,
"IT","Italia","CRIMEN","numero di delitti denunciati dalle forze di polizia all'autorità giudiziaria","MASSMURD","strage","YRDUR","durante l'anno di riferimento","2007","2007",21,,
"IT","Italia","CRIMEN","numero di delitti denunciati dalle forze di polizia all'autorità giudiziaria","MASSMURD","strage","YRDUR","durante l'anno di riferimento","2008","2008",28,,
"IT","Italia","CRIMEN","numero di delitti denunciati dalle forze di polizia all'autorità giudiziaria","MASSMURD","strage","YRDUR","durante l'anno di riferimento","2009","2009",23,,
"IT","Italia","CRIMEN","numero di delitti denunciati dalle forze di polizia all'autorità giudiziaria","MASSMURD","strage","YRDUR","durante l'anno di riferimento","2010","2010",12,,
"IT","Italia","CRIMEN","numero di delitti denunciati dalle forze di polizia all'autorità giudiziaria","MASSMURD","strage","YRDUR","durante l'anno di riferimento","2011","2011",14,,
"IT","Italia","CRIMEN","numero di delitti denunciati dalle forze di polizia all'autorità giudiziaria","MASSMURD","strage","YRDUR","durante l'anno di riferimento","2012","2012",18,,
"IT","Italia","CRIMEN","numero di delitti denunciati dalle forze di polizia all'autorità giudiziaria","MASSMURD","strage","YRDUR","durante l'anno di riferimento","2013","2013",10,,
"IT","Italia","CRIMEN","numero di delitti denunciati dalle forze di polizia all'autorità giudiziaria","MASSMURD","strage","YRDUR","durante l'anno di riferimento","2014","2014",20,,
"IT","Italia","CRIMEN","numero di delitti denunciati dalle forze di polizia all'autorità giudiziaria","MASSMURD","strage","YRDUR","durante l'anno di riferimento","2015","2015",20,,
"IT","Italia","CRIMEN","numero di delitti denunciati dalle forze di polizia all'autorità giudiziaria","MASSMURD","strage","YRDUR","durante l'anno di riferimento","2016","2016",15,,
"IT","Italia","CRIMEN","numero di delitti denunciati dalle forze di polizia all'autorità giudiziaria","MASSMURD","strage","YRDUR","durante l'anno di riferimento","2017","2017",17,,
"IT","Italia","CRIMEN","numero di delitti denunciati dalle forze di polizia all'autorità giudiziaria","MASSMURD","strage","YRDUR","durante l'anno di riferimento","2018","2018",20,,
"IT","Italia","CRIMEN","numero di delitti denunciati dalle forze di polizia all'autorità giudiziaria","MASSMURD","strage","YRDUR","durante l'anno di riferimento","2019","2019",14,,
"IT","Italia","CRIMEN","numero di delitti denunciati dalle forze di polizia all'autorità giudiziaria","INTENHOM","omicidi volontari consumati","YRDUR","durante l'anno di riferimento","2006","2006",621,,
"IT","Italia","CRIMEN","numero di delitti denunciati dalle forze di polizia all'autorità giudiziaria","INTENHOM","omicidi volontari consumati","YRDUR","durante l'anno di riferimento","2007","2007",627,,
"IT","Italia","CRIMEN","numero di delitti denunciati dalle forze di polizia all'autorità giudiziaria","INTENHOM","omicidi volontari consumati","YRDUR","durante l'anno di riferimento","2008","2008",611,,
"IT","Italia","CRIMEN","numero di delitti denunciati dalle forze di polizia all'autorità giudiziaria","INTENHOM","omicidi volontari consumati","YRDUR","durante l'anno di riferimento","2009","2009",586,,
"IT","Italia","CRIMEN","numero di delitti denunciati dalle forze di polizia all'autorità giudiziaria","INTENHOM","omicidi volontari consumati","YRDUR","durante l'anno di riferimento","2010","2010",526,,
"IT","Italia","CRIMEN","numero di delitti denunciati dalle forze di polizia all'autorità giudiziaria","INTENHOM","omicidi volontari consumati","YRDUR","durante l'anno di riferimento","2011","2011",550,,
"IT","Italia","CRIMEN","numero di delitti denunciati dalle forze di polizia all'autorità giudiziaria","INTENHOM","omicidi volontari consumati","YRDUR","durante l'anno di riferimento","2012","2012",528,,
"IT","Italia","CRIMEN","numero di delitti denunciati dalle forze di polizia all'autorità giudiziaria","INTENHOM","omicidi volontari consumati","YRDUR","durante l'anno di riferimento","2013","2013",502,,
"IT","Italia","CRIMEN","numero di delitti denunciati dalle forze di polizia all'autorità giudiziaria","INTENHOM","omicidi volontari consumati","YRDUR","durante l'anno di riferimento","2014","2014",475,,
"IT","Italia","CRIMEN","numero di delitti denunciati dalle forze di polizia all'autorità giudiziaria","INTENHOM","omicidi volontari consumati","YRDUR","durante l'anno di riferimento","2015","2015",469,,
"IT","Italia","CRIMEN","numero di delitti denunciati dalle forze di polizia all'autorità giudiziaria","INTENHOM","omicidi volontari consumati","YRDUR","durante l'anno di riferimento","2016","2016",400,,
"IT","Italia","CRIMEN","numero di delitti denunciati dalle forze di polizia all'autorità giudiziaria","INTENHOM","omicidi volontari consumati","YRDUR","durante l'anno di riferimento","2017","2017",368,,
"IT","Italia","CRIMEN","numero di delitti denunciati dalle forze di polizia all'autorità giudiziaria","INTENHOM","omicidi volontari consumati","YRDUR","durante l'anno di riferimento","2018","2018",331,,
"IT","Italia","CRIMEN","numero di delitti denunciati dalle forze di polizia all'autorità giudiziaria","INTENHOM","omicidi volontari consumati","YRDUR","durante l'anno di riferimento","2019","2019",318,,
"IT","Italia","CRIMEN","numero di delitti denunciati dalle forze di polizia all'autorità giudiziaria","ATTEMPHOM","tentati omicidi","YRDUR","durante l'anno di riferimento","2006","2006",1468,,
"IT","Italia","CRIMEN","numero di delitti denunciati dalle forze di polizia all'autorità giudiziaria","ATTEMPHOM","tentati omicidi","YRDUR","durante l'anno di riferimento","2007","2007",1588,,
"IT","Italia","CRIMEN","numero di delitti denunciati dalle forze di polizia all'autorità giudiziaria","ATTEMPHOM","tentati omicidi","YRDUR","durante l'anno di riferimento","2008","2008",1621,,
"IT","Italia","CRIMEN","numero di delitti denunciati dalle forze di polizia all'autorità giudiziaria","ATTEMPHOM","tentati omicidi","YRDUR","durante l'anno di riferimento","2009","2009",1346,,
"IT","Italia","CRIMEN","numero di delitti denunciati dalle forze di polizia all'autorità giudiziaria","ATTEMPHOM","tentati omicidi","YRDUR","durante l'anno di riferimento","2010","2010",1309,,
"IT","Italia","CRIMEN","numero di delitti denunciati dalle forze di polizia all'autorità giudiziaria","ATTEMPHOM","tentati omicidi","YRDUR","durante l'anno di riferimento","2011","2011",1401,,
"IT","Italia","CRIMEN","numero di delitti denunciati dalle forze di polizia all'autorità giudiziaria","ATTEMPHOM","tentati omicidi","YRDUR","durante l'anno di riferimento","2012","2012",1327,,
"IT","Italia","CRIMEN","numero di delitti denunciati dalle forze di polizia all'autorità giudiziaria","ATTEMPHOM","tentati omicidi","YRDUR","durante l'anno di riferimento","2013","2013",1222,,
"IT","Italia","CRIMEN","numero di delitti denunciati dalle forze di polizia all'autorità giudiziaria","ATTEMPHOM","tentati omicidi","YRDUR","durante l'anno di riferimento","2014","2014",1250,,
"IT","Italia","CRIMEN","numero di delitti denunciati dalle forze di polizia all'autorità giudiziaria","ATTEMPHOM","tentati omicidi","YRDUR","durante l'anno di riferimento","2015","2015",1203,,
"IT","Italia","CRIMEN","numero di delitti denunciati dalle forze di polizia all'autorità giudiziaria","ATTEMPHOM","tentati omicidi","YRDUR","durante l'anno di riferimento","2016","2016",1079,,
"IT","Italia","CRIMEN","numero di delitti denunciati dalle forze di polizia all'autorità giudiziaria","ATTEMPHOM","tentati omicidi","YRDUR","durante l'anno di riferimento","2017","2017",1098,,
"IT","Italia","CRIMEN","numero di delitti denunciati dalle forze di polizia all'autorità giudiziaria","ATTEMPHOM","tentati omicidi","YRDUR","durante l'anno di riferimento","2018","2018",1050,,
"IT","Italia","CRIMEN","numero di delitti denunciati dalle forze di polizia all'autorità giudiziaria","ATTEMPHOM","tentati omicidi","YRDUR","durante l'anno di riferimento","2019","2019",1019,,
"IT","Italia","CRIMEN","numero di delitti denunciati dalle forze di polizia all'autorità giudiziaria","INFANTHOM","infanticidi","YRDUR","durante l'anno di riferimento","2006","2006",4,,
"IT","Italia","CRIMEN","numero di delitti denunciati dalle forze di polizia all'autorità giudiziaria","INFANTHOM","infanticidi","YRDUR","durante l'anno di riferimento","2007","2007",4,,
"IT","Italia","CRIMEN","numero di delitti denunciati dalle forze di polizia all'autorità giudiziaria","INFANTHOM","infanticidi","YRDUR","durante l'anno di riferimento","2008","2008",4,,
"IT","Italia","CRIMEN","numero di delitti denunciati dalle forze di polizia all'autorità giudiziaria","INFANTHOM","infanticidi","YRDUR","durante l'anno di riferimento","2009","2009",4,,
"IT","Italia","CRIMEN","numero di delitti denunciati dalle forze di polizia all'autorità giudiziaria","INFANTHOM","infanticidi","YRDUR","durante l'anno di riferimento","2010","2010",3,,
"IT","Italia","CRIMEN","numero di delitti denunciati dalle forze di polizia all'autorità giudiziaria","INFANTHOM","infanticidi","YRDUR","durante l'anno di riferimento","2011","2011",2,,
"IT","Italia","CRIMEN","numero di delitti denunciati dalle forze di polizia all'autorità giudiziaria","INFANTHOM","infanticidi","YRDUR","durante l'anno di riferimento","2012","2012",2,,
"IT","Italia","CRIMEN","numero di delitti denunciati dalle forze di polizia all'autorità giudiziaria","INFANTHOM","infanticidi","YRDUR","durante l'anno di riferimento","2013","2013",2,,
"IT","Italia","CRIMEN","numero di delitti denunciati dalle forze di polizia all'autorità giudiziaria","INFANTHOM","infanticidi","YRDUR","durante l'anno di riferimento","2014","2014",3,,
"IT","Italia","CRIMEN","numero di delitti denunciati dalle forze di polizia all'autorità giudiziaria","INFANTHOM","infanticidi","YRDUR","durante l'anno di riferimento","2015","2015",1,,
"IT","Italia","CRIMEN","numero di delitti denunciati dalle forze di polizia all'autorità giudiziaria","INFANTHOM","infanticidi","YRDUR","durante l'anno di riferimento","2016","2016",3,,
"IT","Italia","CRIMEN","numero di delitti denunciati dalle forze di polizia all'autorità giudiziaria","INFANTHOM","infanticidi","YRDUR","durante l'anno di riferimento","2017","2017",2,,
"IT","Italia","CRIMEN","numero di delitti denunciati dalle forze di polizia all'autorità giudiziaria","INFANTHOM","infanticidi","YRDUR","durante l'anno di riferimento","2018","2018",4,,
"IT","Italia","CRIMEN","numero di delitti denunciati dalle forze di polizia all'autorità giudiziaria","INFANTHOM","infanticidi","YRDUR","durante l'anno di riferimento","2019","2019",2,,
"IT","Italia","CRIMEN","numero di delitti denunciati dalle forze di polizia all'autorità giudiziaria","MANSHOM","omicidi preterintenzionali","YRDUR","durante l'anno di riferimento","2006","2006",38,,
"IT","Italia","CRIMEN","numero di delitti denunciati dalle forze di polizia all'autorità giudiziaria","MANSHOM","omicidi preterintenzionali","YRDUR","durante l'anno di riferimento","2007","2007",54,,
"IT","Italia","CRIMEN","numero di delitti denunciati dalle forze di polizia all'autorità giudiziaria","MANSHOM","omicidi preterintenzionali","YRDUR","durante l'anno di riferimento","2008","2008",39,,
"IT","Italia","CRIMEN","numero di delitti denunciati dalle forze di polizia all'autorità giudiziaria","MANSHOM","omicidi preterintenzionali","YRDUR","durante l'anno di riferimento","2009","2009",36,,
"IT","Italia","CRIMEN","numero di delitti denunciati dalle forze di polizia all'autorità giudiziaria","MANSHOM","omicidi preterintenzionali","YRDUR","durante l'anno di riferimento","2010","2010",38,,
"IT","Italia","CRIMEN","numero di delitti denunciati dalle forze di polizia all'autorità giudiziaria","MANSHOM","omicidi preterintenzionali","YRDUR","durante l'anno di riferimento","2011","2011",31,,
"IT","Italia","CRIMEN","numero di delitti denunciati dalle forze di polizia all'autorità giudiziaria","MANSHOM","omicidi preterintenzionali","YRDUR","durante l'anno di riferimento","2012","2012",33,,
"IT","Italia","CRIMEN","numero di delitti denunciati dalle forze di polizia all'autorità giudiziaria","MANSHOM","omicidi preterintenzionali","YRDUR","durante l'anno di riferimento","2013","2013",37,,
"IT","Italia","CRIMEN","numero di delitti denunciati dalle forze di polizia all'autorità giudiziaria","MANSHOM","omicidi preterintenzionali","YRDUR","durante l'anno di riferimento","2014","2014",34,,
"IT","Italia","CRIMEN","numero di delitti denunciati dalle forze di polizia all'autorità giudiziaria","MANSHOM","omicidi preterintenzionali","YRDUR","durante l'anno di riferimento","2015","2015",20,,
"IT","Italia","CRIMEN","numero di delitti denunciati dalle forze di polizia all'autorità giudiziaria","MANSHOM","omicidi preterintenzionali","YRDUR","durante l'anno di riferimento","2016","2016",24,,
"IT","Italia","CRIMEN","numero di delitti denunciati dalle forze di polizia all'autorità giudiziaria","MANSHOM","omicidi preterintenzionali","YRDUR","durante l'anno di riferimento","2017","2017",25,,
"IT","Italia","CRIMEN","numero di delitti denunciati dalle forze di polizia all'autorità giudiziaria","MANSHOM","omicidi preterintenzionali","YRDUR","durante l'anno di riferimento","2018","2018",36,,
"IT","Italia","CRIMEN","numero di delitti denunciati dalle forze di polizia all'autorità giudiziaria","MANSHOM","omicidi preterintenzionali","YRDUR","durante l'anno di riferimento","2019","2019",35,,
"IT","Italia","CRIMEN","numero di delitti denunciati dalle forze di polizia all'autorità giudiziaria","UNINTHOM","omicidi colposi","YRDUR","durante l'anno di riferimento","2006","2006",2148,,
"IT","Italia","CRIMEN","numero di delitti denunciati dalle forze di polizia all'autorità giudiziaria","UNINTHOM","omicidi colposi","YRDUR","durante l'anno di riferimento","2007","2007",2040,,
"IT","Italia","CRIMEN","numero di delitti denunciati dalle forze di polizia all'autorità giudiziaria","UNINTHOM","omicidi colposi","YRDUR","durante l'anno di riferimento","2008","2008",1881,,
"IT","Italia","CRIMEN","numero di delitti denunciati dalle forze di polizia all'autorità giudiziaria","UNINTHOM","omicidi colposi","YRDUR","durante l'anno di riferimento","2009","2009",1718,,
"IT","Italia","CRIMEN","numero di delitti denunciati dalle forze di polizia all'autorità giudiziaria","UNINTHOM","omicidi colposi","YRDUR","durante l'anno di riferimento","2010","2010",1765,,
"IT","Italia","CRIMEN","numero di delitti denunciati dalle forze di polizia all'autorità giudiziaria","UNINTHOM","omicidi colposi","YRDUR","durante l'anno di riferimento","2011","2011",1783,,
"IT","Italia","CRIMEN","numero di delitti denunciati dalle forze di polizia all'autorità giudiziaria","UNINTHOM","omicidi colposi","YRDUR","durante l'anno di riferimento","2012","2012",1716,,
"IT","Italia","CRIMEN","numero di delitti denunciati dalle forze di polizia all'autorità giudiziaria","UNINTHOM","omicidi colposi","YRDUR","durante l'anno di riferimento","2013","2013",1597,,
"IT","Italia","CRIMEN","numero di delitti denunciati dalle forze di polizia all'autorità giudiziaria","UNINTHOM","omicidi colposi","YRDUR","durante l'anno di riferimento","2014","2014",1633,,
"IT","Italia","CRIMEN","numero di delitti denunciati dalle forze di polizia all'autorità giudiziaria","UNINTHOM","omicidi colposi","YRDUR","durante l'anno di riferimento","2015","2015",1745,,
"IT","Italia","CRIMEN","numero di delitti denunciati dalle forze di polizia all'autorità giudiziaria","UNINTHOM","omicidi colposi","YRDUR","durante l'anno di riferimento","2016","2016",1628,,
"IT","Italia","CRIMEN","numero di delitti denunciati dalle forze di polizia all'autorità giudiziaria","UNINTHOM","omicidi colposi","YRDUR","durante l'anno di riferimento","2017","2017",1706,,
"IT","Italia","CRIMEN","numero di delitti denunciati dalle forze di polizia all'autorità giudiziaria","UNINTHOM","omicidi colposi","YRDUR","durante l'anno di riferimento","2018","2018",1733,,
"IT","Italia","CRIMEN","numero di delitti denunciati dalle forze di polizia all'autorità giudiziaria","UNINTHOM","omicidi colposi","YRDUR","durante l'anno di riferimento","2019","2019",1759,,
"IT","Italia","CRIMEN","numero di delitti denunciati dalle forze di polizia all'autorità giudiziaria","BLOWS","percosse","YRDUR","durante l'anno di riferimento","2006","2006",13809,,
"IT","Italia","CRIMEN","numero di delitti denunciati dalle forze di polizia all'autorità giudiziaria","BLOWS","percosse","YRDUR","durante l'anno di riferimento","2007","2007",14917,,
"IT","Italia","CRIMEN","numero di delitti denunciati dalle forze di polizia all'autorità giudiziaria","BLOWS","percosse","YRDUR","durante l'anno di riferimento","2008","2008",15288,,
"IT","Italia","CRIMEN","numero di delitti denunciati dalle forze di polizia all'autorità giudiziaria","BLOWS","percosse","YRDUR","durante l'anno di riferimento","2009","2009",15205,,
"IT","Italia","CRIMEN","numero di delitti denunciati dalle forze di polizia all'autorità giudiziaria","BLOWS","percosse","YRDUR","durante l'anno di riferimento","2010","2010",14270,,
"IT","Italia","CRIMEN","numero di delitti denunciati dalle forze di polizia all'autorità giudiziaria","BLOWS","percosse","YRDUR","durante l'anno di riferimento","2011","2011",15196,,
"IT","Italia","CRIMEN","numero di delitti denunciati dalle forze di polizia all'autorità giudiziaria","BLOWS","percosse","YRDUR","durante l'anno di riferimento","2012","2012",15659,,
"IT","Italia","CRIMEN","numero di delitti denunciati dalle forze di polizia all'autorità giudiziaria","BLOWS","percosse","YRDUR","durante l'anno di riferimento","2013","2013",15606,,
"IT","Italia","CRIMEN","numero di delitti denunciati dalle forze di polizia all'autorità giudiziaria","BLOWS","percosse","YRDUR","durante l'anno di riferimento","2014","2014",15285,,
"IT","Italia","CRIMEN","numero di delitti denunciati dalle forze di polizia all'autorità giudiziaria","BLOWS","percosse","YRDUR","durante l'anno di riferimento","2015","2015",15249,,
"IT","Italia","CRIMEN","numero di delitti denunciati dalle forze di polizia all'autorità giudiziaria","BLOWS","percosse","YRDUR","durante l'anno di riferimento","2016","2016",13819,,
"IT","Italia","CRIMEN","numero di delitti denunciati dalle forze di polizia all'autorità giudiziaria","BLOWS","percosse","YRDUR","durante l'anno di riferimento","2017","2017",14142,,
"IT","Italia","CRIMEN","numero di delitti denunciati dalle forze di polizia all'autorità giudiziaria","BLOWS","percosse","YRDUR","durante l'anno di riferimento","2018","2018",13944,,
"IT","Italia","CRIMEN","numero di delitti denunciati dalle forze di polizia all'autorità giudiziaria","BLOWS","percosse","YRDUR","durante l'anno di riferimento","2019","2019",14395,,
"IT","Italia","CRIMEN","numero di delitti denunciati dalle forze di polizia all'autorità giudiziaria","CULPINJU","lesioni dolose","YRDUR","durante l'anno di riferimento","2006","2006",59143,,
"IT","Italia","CRIMEN","numero di delitti denunciati dalle forze di polizia all'autorità giudiziaria","CULPINJU","lesioni dolose","YRDUR","durante l'anno di riferimento","2007","2007",63602,,
"IT","Italia","CRIMEN","numero di delitti denunciati dalle forze di polizia all'autorità giudiziaria","CULPINJU","lesioni dolose","YRDUR","durante l'anno di riferimento","2008","2008",65791,,
"IT","Italia","CRIMEN","numero di delitti denunciati dalle forze di polizia all'autorità giudiziaria","CULPINJU","lesioni dolose","YRDUR","durante l'anno di riferimento","2009","2009",65611,,
"IT","Italia","CRIMEN","numero di delitti denunciati dalle forze di polizia all'autorità giudiziaria","CULPINJU","lesioni dolose","YRDUR","durante l'anno di riferimento","2010","2010",64866,,
"IT","Italia","CRIMEN","numero di delitti denunciati dalle forze di polizia all'autorità giudiziaria","CULPINJU","lesioni dolose","YRDUR","durante l'anno di riferimento","2011","2011",68500,,
"IT","Italia","CRIMEN","numero di delitti denunciati dalle forze di polizia all'autorità giudiziaria","CULPINJU","lesioni dolose","YRDUR","durante l'anno di riferimento","2012","2012",69527,,
"IT","Italia","CRIMEN","numero di delitti denunciati dalle forze di polizia all'autorità giudiziaria","CULPINJU","lesioni dolose","YRDUR","durante l'anno di riferimento","2013","2013",66317,,
"IT","Italia","CRIMEN","numero di delitti denunciati dalle forze di polizia all'autorità giudiziaria","CULPINJU","lesioni dolose","YRDUR","durante l'anno di riferimento","2014","2014",66178,,
"IT","Italia","CRIMEN","numero di delitti denunciati dalle forze di polizia all'autorità giudiziaria","CULPINJU","lesioni dolose","YRDUR","durante l'anno di riferimento","2015","2015",64042,,
"IT","Italia","CRIMEN","numero di delitti denunciati dalle forze di polizia all'autorità giudiziaria","CULPINJU","lesioni dolose","YRDUR","durante l'anno di riferimento","2016","2016",63153,,
"IT","Italia","CRIMEN","numero di delitti denunciati dalle forze di polizia all'autorità giudiziaria","CULPINJU","lesioni dolose","YRDUR","durante l'anno di riferimento","2017","2017",64814,,
"IT","Italia","CRIMEN","numero di delitti denunciati dalle forze di polizia all'autorità giudiziaria","CULPINJU","lesioni dolose","YRDUR","durante l'anno di riferimento","2018","2018",65382,,
"IT","Italia","CRIMEN","numero di delitti denunciati dalle forze di polizia all'autorità giudiziaria","CULPINJU","lesioni dolose","YRDUR","durante l'anno di riferimento","2019","2019",64891,,
"IT","Italia","CRIMEN","numero di delitti denunciati dalle forze di polizia all'autorità giudiziaria","MENACE","minacce","YRDUR","durante l'anno di riferimento","2006","2006",71856,,
"IT","Italia","CRIMEN","numero di delitti denunciati dalle forze di polizia all'autorità giudiziaria","MENACE","minacce","YRDUR","durante l'anno di riferimento","2007","2007",81073,,
"IT","Italia","CRIMEN","numero di delitti denunciati dalle forze di polizia all'autorità giudiziaria","MENACE","minacce","YRDUR","durante l'anno di riferimento","2008","2008",83580,,
"IT","Italia","CRIMEN","numero di delitti denunciati dalle forze di polizia all'autorità giudiziaria","MENACE","minacce","YRDUR","durante l'anno di riferimento","2009","2009",83483,,
"IT","Italia","CRIMEN","numero di delitti denunciati dalle forze di polizia all'autorità giudiziaria","MENACE","minacce","YRDUR","durante l'anno di riferimento","2010","2010",81164,,
"IT","Italia","CRIMEN","numero di delitti denunciati dalle forze di polizia all'autorità giudiziaria","MENACE","minacce","YRDUR","durante l'anno di riferimento","2011","2011",83316,,
"IT","Italia","CRIMEN","numero di delitti denunciati dalle forze di polizia all'autorità giudiziaria","MENACE","minacce","YRDUR","durante l'anno di riferimento","2012","2012",86347,,
"IT","Italia","CRIMEN","numero di delitti denunciati dalle forze di polizia all'autorità giudiziaria","MENACE","minacce","YRDUR","durante l'anno di riferimento","2013","2013",86294,,
"IT","Italia","CRIMEN","numero di delitti denunciati dalle forze di polizia all'autorità giudiziaria","MENACE","minacce","YRDUR","durante l'anno di riferimento","2014","2014",85211,,
"IT","Italia","CRIMEN","numero di delitti denunciati dalle forze di polizia all'autorità giudiziaria","MENACE","minacce","YRDUR","durante l'anno di riferimento","2015","2015",82539,,
"IT","Italia","CRIMEN","numero di delitti denunciati dalle forze di polizia all'autorità giudiziaria","MENACE","minacce","YRDUR","durante l'anno di riferimento","2016","2016",75011,,
"IT","Italia","CRIMEN","numero di delitti denunciati dalle forze di polizia all'autorità giudiziaria","MENACE","minacce","YRDUR","durante l'anno di riferimento","2017","2017",75648,,
"IT","Italia","CRIMEN","numero di delitti denunciati dalle forze di polizia all'autorità giudiziaria","MENACE","minacce","YRDUR","durante l'anno di riferimento","2018","2018",74970,,
"IT","Italia","CRIMEN","numero di delitti denunciati dalle forze di polizia all'autorità giudiziaria","MENACE","minacce","YRDUR","durante l'anno di riferimento","2019","2019",74726,,
"IT","Italia","CRIMEN","numero di delitti denunciati dalle forze di polizia all'autorità giudiziaria","KIDNAPP","sequestri di persona","YRDUR","durante l'anno di riferimento","2006","2006",1608,,
"IT","Italia","CRIMEN","numero di delitti denunciati dalle forze di polizia all'autorità giudiziaria","KIDNAPP","sequestri di persona","YRDUR","durante l'anno di riferimento","2007","2007",1867,,
"IT","Italia","CRIMEN","numero di delitti denunciati dalle forze di polizia all'autorità giudiziaria","KIDNAPP","sequestri di persona","YRDUR","durante l'anno di riferimento","2008","2008",1816,,
"IT","Italia","CRIMEN","numero di delitti denunciati dalle forze di polizia all'autorità giudiziaria","KIDNAPP","sequestri di persona","YRDUR","durante l'anno di riferimento","2009","2009",1481,,
"IT","Italia","CRIMEN","numero di delitti denunciati dalle forze di polizia all'autorità giudiziaria","KIDNAPP","sequestri di persona","YRDUR","durante l'anno di riferimento","2010","2010",1436,,
"IT","Italia","CRIMEN","numero di delitti denunciati dalle forze di polizia all'autorità giudiziaria","KIDNAPP","sequestri di persona","YRDUR","durante l'anno di riferimento","2011","2011",1443,,
"IT","Italia","CRIMEN","numero di delitti denunciati dalle forze di polizia all'autorità giudiziaria","KIDNAPP","sequestri di persona","YRDUR","durante l'anno di riferimento","2012","2012",1474,,
"IT","Italia","CRIMEN","numero di delitti denunciati dalle forze di polizia all'autorità giudiziaria","KIDNAPP","sequestri di persona","YRDUR","durante l'anno di riferimento","2013","2013",1353,,
"IT","Italia","CRIMEN","numero di delitti denunciati dalle forze di polizia all'autorità giudiziaria","KIDNAPP","sequestri di persona","YRDUR","durante l'anno di riferimento","2014","2014",1278,,
"IT","Italia","CRIMEN","numero di delitti denunciati dalle forze di polizia all'autorità giudiziaria","KIDNAPP","sequestri di persona","YRDUR","durante l'anno di riferimento","2015","2015",1166,,
"IT","Italia","CRIMEN","numero di delitti denunciati dalle forze di polizia all'autorità giudiziaria","KIDNAPP","sequestri di persona","YRDUR","durante l'anno di riferimento","2016","2016",1048,,
"IT","Italia","CRIMEN","numero di delitti denunciati dalle forze di polizia all'autorità giudiziaria","KIDNAPP","sequestri di persona","YRDUR","durante l'anno di riferimento","2017","2017",1039,,
"IT","Italia","CRIMEN","numero di delitti denunciati dalle forze di polizia all'autorità giudiziaria","KIDNAPP","sequestri di persona","YRDUR","durante l'anno di riferimento","2018","2018",960,,
"IT","Italia","CRIMEN","numero di delitti denunciati dalle forze di polizia all'autorità giudiziaria","KIDNAPP","sequestri di persona","YRDUR","durante l'anno di riferimento","2019","2019",855,,
"IT","Italia","CRIMEN","numero di delitti denunciati dalle forze di polizia all'autorità giudiziaria","OFFENCE","ingiurie","YRDUR","durante l'anno di riferimento","2006","2006",55361,,
"IT","Italia","CRIMEN","numero di delitti denunciati dalle forze di polizia all'autorità giudiziaria","OFFENCE","ingiurie","YRDUR","durante l'anno di riferimento","2007","2007",61737,,
"IT","Italia","CRIMEN","numero di delitti denunciati dalle forze di polizia all'autorità giudiziaria","OFFENCE","ingiurie","YRDUR","durante l'anno di riferimento","2008","2008",64453,,
"IT","Italia","CRIMEN","numero di delitti denunciati dalle forze di polizia all'autorità giudiziaria","OFFENCE","ingiurie","YRDUR","durante l'anno di riferimento","2009","2009",64479,,
"IT","Italia","CRIMEN","numero di delitti denunciati dalle forze di polizia all'autorità giudiziaria","OFFENCE","ingiurie","YRDUR","durante l'anno di riferimento","2010","2010",62230,,
"IT","Italia","CRIMEN","numero di delitti denunciati dalle forze di polizia all'autorità giudiziaria","OFFENCE","ingiurie","YRDUR","durante l'anno di riferimento","2011","2011",65370,,
"IT","Italia","CRIMEN","numero di delitti denunciati dalle forze di polizia all'autorità giudiziaria","OFFENCE","ingiurie","YRDUR","durante l'anno di riferimento","2012","2012",67213,,
"IT","Italia","CRIMEN","numero di delitti denunciati dalle forze di polizia all'autorità giudiziaria","OFFENCE","ingiurie","YRDUR","durante l'anno di riferimento","2013","2013",66414,,
"IT","Italia","CRIMEN","numero di delitti denunciati dalle forze di polizia all'autorità giudiziaria","OFFENCE","ingiurie","YRDUR","durante l'anno di riferimento","2014","2014",64601,,
"IT","Italia","CRIMEN","numero di delitti denunciati dalle forze di polizia all'autorità giudiziaria","OFFENCE","ingiurie","YRDUR","durante l'anno di riferimento","2015","2015",58620,,
"IT","Italia","CRIMEN","numero di delitti denunciati dalle forze di polizia all'autorità giudiziaria","OFFENCE","ingiurie","YRDUR","durante l'anno di riferimento","2016","2016",15781,,
"IT","Italia","CRIMEN","numero di delitti denunciati dalle forze di polizia all'autorità giudiziaria","OFFENCE","ingiurie","YRDUR","durante l'anno di riferimento","2017","2017",2064,,
"IT","Italia","CRIMEN","numero di delitti denunciati dalle forze di polizia all'autorità giudiziaria","RAPE","violenze sessuali","YRDUR","durante l'anno di riferimento","2006","2006",4513,,
"IT","Italia","CRIMEN","numero di delitti denunciati dalle forze di polizia all'autorità giudiziaria","RAPE","violenze sessuali","YRDUR","durante l'anno di riferimento","2007","2007",4897,,
"IT","Italia","CRIMEN","numero di delitti denunciati dalle forze di polizia all'autorità giudiziaria","RAPE","violenze sessuali","YRDUR","durante l'anno di riferimento","2008","2008",4893,,
"IT","Italia","CRIMEN","numero di delitti denunciati dalle forze di polizia all'autorità giudiziaria","RAPE","violenze sessuali","YRDUR","durante l'anno di riferimento","2009","2009",4963,,
"IT","Italia","CRIMEN","numero di delitti denunciati dalle forze di polizia all'autorità giudiziaria","RAPE","violenze sessuali","YRDUR","durante l'anno di riferimento","2010","2010",4813,,
"IT","Italia","CRIMEN","numero di delitti denunciati dalle forze di polizia all'autorità giudiziaria","RAPE","violenze sessuali","YRDUR","durante l'anno di riferimento","2011","2011",4617,,
"IT","Italia","CRIMEN","numero di delitti denunciati dalle forze di polizia all'autorità giudiziaria","RAPE","violenze sessuali","YRDUR","durante l'anno di riferimento","2012","2012",4689,,
"IT","Italia","CRIMEN","numero di delitti denunciati dalle forze di polizia all'autorità giudiziaria","RAPE","violenze sessuali","YRDUR","durante l'anno di riferimento","2013","2013",4488,,
"IT","Italia","CRIMEN","numero di delitti denunciati dalle forze di polizia all'autorità giudiziaria","RAPE","violenze sessuali","YRDUR","durante l'anno di riferimento","2014","2014",4257,,
"IT","Italia","CRIMEN","numero di delitti denunciati dalle forze di polizia all'autorità giudiziaria","RAPE","violenze sessuali","YRDUR","durante l'anno di riferimento","2015","2015",4000,,
"IT","Italia","CRIMEN","numero di delitti denunciati dalle forze di polizia all'autorità giudiziaria","RAPE","violenze sessuali","YRDUR","durante l'anno di riferimento","2016","2016",4046,,
"IT","Italia","CRIMEN","numero di delitti denunciati dalle forze di polizia all'autorità giudiziaria","RAPE","violenze sessuali","YRDUR","durante l'anno di riferimento","2017","2017",4634,,
"IT","Italia","CRIMEN","numero di delitti denunciati dalle forze di polizia all'autorità giudiziaria","RAPE","violenze sessuali","YRDUR","durante l'anno di riferimento","2018","2018",4887,,
"IT","Italia","CRIMEN","numero di delitti denunciati dalle forze di polizia all'autorità giudiziaria","RAPE","violenze sessuali","YRDUR","durante l'anno di riferimento","2019","2019",4884,,
"IT","Italia","CRIMEN","numero di delitti denunciati dalle forze di polizia all'autorità giudiziaria","RAPEUN18","atti sessuali con minorenne","YRDUR","durante l'anno di riferimento","2006","2006",460,,
"IT","Italia","CRIMEN","numero di delitti denunciati dalle forze di polizia all'autorità giudiziaria","RAPEUN18","atti sessuali con minorenne","YRDUR","durante l'anno di riferimento","2007","2007",501,,
"IT","Italia","CRIMEN","numero di delitti denunciati dalle forze di polizia all'autorità giudiziaria","RAPEUN18","atti sessuali con minorenne","YRDUR","durante l'anno di riferimento","2008","2008",474,,
"IT","Italia","CRIMEN","numero di delitti denunciati dalle forze di polizia all'autorità giudiziaria","RAPEUN18","atti sessuali con minorenne","YRDUR","durante l'anno di riferimento","2009","2009",492,,
"IT","Italia","CRIMEN","numero di delitti denunciati dalle forze di polizia all'autorità giudiziaria","RAPEUN18","atti sessuali con minorenne","YRDUR","durante l'anno di riferimento","2010","2010",582,,
"IT","Italia","CRIMEN","numero di delitti denunciati dalle forze di polizia all'autorità giudiziaria","RAPEUN18","atti sessuali con minorenne","YRDUR","durante l'anno di riferimento","2011","2011",489,,
"IT","Italia","CRIMEN","numero di delitti denunciati dalle forze di polizia all'autorità giudiziaria","RAPEUN18","atti sessuali con minorenne","YRDUR","durante l'anno di riferimento","2012","2012",558,,
"IT","Italia","CRIMEN","numero di delitti denunciati dalle forze di polizia all'autorità giudiziaria","RAPEUN18","atti sessuali con minorenne","YRDUR","durante l'anno di riferimento","2013","2013",523,,
"IT","Italia","CRIMEN","numero di delitti denunciati dalle forze di polizia all'autorità giudiziaria","RAPEUN18","atti sessuali con minorenne","YRDUR","durante l'anno di riferimento","2014","2014",494,,
"IT","Italia","CRIMEN","numero di delitti denunciati dalle forze di polizia all'autorità giudiziaria","RAPEUN18","atti sessuali con minorenne","YRDUR","durante l'anno di riferimento","2015","2015",505,,
"IT","Italia","CRIMEN","numero di delitti denunciati dalle forze di polizia all'autorità giudiziaria","RAPEUN18","atti sessuali con minorenne","YRDUR","durante l'anno di riferimento","2016","2016",458,,
"IT","Italia","CRIMEN","numero di delitti denunciati dalle forze di polizia all'autorità giudiziaria","RAPEUN18","atti sessuali con minorenne","YRDUR","durante l'anno di riferimento","2017","2017",483,,
"IT","Italia","CRIMEN","numero di delitti denunciati dalle forze di polizia all'autorità giudiziaria","RAPEUN18","atti sessuali con minorenne","YRDUR","durante l'anno di riferimento","2018","2018",495,,
"IT","Italia","CRIMEN","numero di delitti denunciati dalle forze di polizia all'autorità giudiziaria","RAPEUN18","atti sessuali con minorenne","YRDUR","durante l'anno di riferimento","2019","2019",518,,
"IT","Italia","CRIMEN","numero di delitti denunciati dalle forze di polizia all'autorità giudiziaria","CORRUPUN18","corruzione di minorenne","YRDUR","durante l'anno di riferimento","2006","2006",192,,
"IT","Italia","CRIMEN","numero di delitti denunciati dalle forze di polizia all'autorità giudiziaria","CORRUPUN18","corruzione di minorenne","YRDUR","durante l'anno di riferimento","2007","2007",182,,
"IT","Italia","CRIMEN","numero di delitti denunciati dalle forze di polizia all'autorità giudiziaria","CORRUPUN18","corruzione di minorenne","YRDUR","durante l'anno di riferimento","2008","2008",168,,
"IT","Italia","CRIMEN","numero di delitti denunciati dalle forze di polizia all'autorità giudiziaria","CORRUPUN18","corruzione di minorenne","YRDUR","durante l'anno di riferimento","2009","2009",170,,
"IT","Italia","CRIMEN","numero di delitti denunciati dalle forze di polizia all'autorità giudiziaria","CORRUPUN18","corruzione di minorenne","YRDUR","durante l'anno di riferimento","2010","2010",175,,
"IT","Italia","CRIMEN","numero di delitti denunciati dalle forze di polizia all'autorità giudiziaria","CORRUPUN18","corruzione di minorenne","YRDUR","durante l'anno di riferimento","2011","2011",143,,
"IT","Italia","CRIMEN","numero di delitti denunciati dalle forze di polizia all'autorità giudiziaria","CORRUPUN18","corruzione di minorenne","YRDUR","durante l'anno di riferimento","2012","2012",120,,
"IT","Italia","CRIMEN","numero di delitti denunciati dalle forze di polizia all'autorità giudiziaria","CORRUPUN18","corruzione di minorenne","YRDUR","durante l'anno di riferimento","2013","2013",155,,
"IT","Italia","CRIMEN","numero di delitti denunciati dalle forze di polizia all'autorità giudiziaria","CORRUPUN18","corruzione di minorenne","YRDUR","durante l'anno di riferimento","2014","2014",173,,
"IT","Italia","CRIMEN","numero di delitti denunciati dalle forze di polizia all'autorità giudiziaria","CORRUPUN18","corruzione di minorenne","YRDUR","durante l'anno di riferimento","2015","2015",148,,
"IT","Italia","CRIMEN","numero di delitti denunciati dalle forze di polizia all'autorità giudiziaria","CORRUPUN18","corruzione di minorenne","YRDUR","durante l'anno di riferimento","2016","2016",140,,
"IT","Italia","CRIMEN","numero di delitti denunciati dalle forze di polizia all'autorità giudiziaria","CORRUPUN18","corruzione di minorenne","YRDUR","durante l'anno di riferimento","2017","2017",171,,
"IT","Italia","CRIMEN","numero di delitti denunciati dalle forze di polizia all'autorità giudiziaria","CORRUPUN18","corruzione di minorenne","YRDUR","durante l'anno di riferimento","2018","2018",151,,
"IT","Italia","CRIMEN","numero di delitti denunciati dalle forze di polizia all'autorità giudiziaria","CORRUPUN18","corruzione di minorenne","YRDUR","durante l'anno di riferimento","2019","2019",173,,
"IT","Italia","CRIMEN","numero di delitti denunciati dalle forze di polizia all'autorità giudiziaria","PROSTI","sfruttamento e favoreggiamento della prostituzione","YRDUR","durante l'anno di riferimento","2006","2006",1422,,
"IT","Italia","CRIMEN","numero di delitti denunciati dalle forze di polizia all'autorità giudiziaria","PROSTI","sfruttamento e favoreggiamento della prostituzione","YRDUR","durante l'anno di riferimento","2007","2007",1466,,
"IT","Italia","CRIMEN","numero di delitti denunciati dalle forze di polizia all'autorità giudiziaria","PROSTI","sfruttamento e favoreggiamento della prostituzione","YRDUR","durante l'anno di riferimento","2008","2008",1484,,
"IT","Italia","CRIMEN","numero di delitti denunciati dalle forze di polizia all'autorità giudiziaria","PROSTI","sfruttamento e favoreggiamento della prostituzione","YRDUR","durante l'anno di riferimento","2009","2009",1311,,
"IT","Italia","CRIMEN","numero di delitti denunciati dalle forze di polizia all'autorità giudiziaria","PROSTI","sfruttamento e favoreggiamento della prostituzione","YRDUR","durante l'anno di riferimento","2010","2010",1586,,
"IT","Italia","CRIMEN","numero di delitti denunciati dalle forze di polizia all'autorità giudiziaria","PROSTI","sfruttamento e favoreggiamento della prostituzione","YRDUR","durante l'anno di riferimento","2011","2011",1505,,
"IT","Italia","CRIMEN","numero di delitti denunciati dalle forze di polizia all'autorità giudiziaria","PROSTI","sfruttamento e favoreggiamento della prostituzione","YRDUR","durante l'anno di riferimento","2012","2012",1306,,
"IT","Italia","CRIMEN","numero di delitti denunciati dalle forze di polizia all'autorità giudiziaria","PROSTI","sfruttamento e favoreggiamento della prostituzione","YRDUR","durante l'anno di riferimento","2013","2013",1170,,
"IT","Italia","CRIMEN","numero di delitti denunciati dalle forze di polizia all'autorità giudiziaria","PROSTI","sfruttamento e favoreggiamento della prostituzione","YRDUR","durante l'anno di riferimento","2014","2014",1100,,
"IT","Italia","CRIMEN","numero di delitti denunciati dalle forze di polizia all'autorità giudiziaria","PROSTI","sfruttamento e favoreggiamento della prostituzione","YRDUR","durante l'anno di riferimento","2015","2015",987,,
"IT","Italia","CRIMEN","numero di delitti denunciati dalle forze di polizia all'autorità giudiziaria","PROSTI","sfruttamento e favoreggiamento della prostituzione","YRDUR","durante l'anno di riferimento","2016","2016",948,,
"IT","Italia","CRIMEN","numero di delitti denunciati dalle forze di polizia all'autorità giudiziaria","PROSTI","sfruttamento e favoreggiamento della prostituzione","YRDUR","durante l'anno di riferimento","2017","2017",763,,
"IT","Italia","CRIMEN","numero di delitti denunciati dalle forze di polizia all'autorità giudiziaria","PROSTI","sfruttamento e favoreggiamento della prostituzione","YRDUR","durante l'anno di riferimento","2018","2018",634,,
"IT","Italia","CRIMEN","numero di delitti denunciati dalle forze di polizia all'autorità giudiziaria","PROSTI","sfruttamento e favoreggiamento della prostituzione","YRDUR","durante l'anno di riferimento","2019","2019",524,,
"IT","Italia","CRIMEN","numero di delitti denunciati dalle forze di polizia all'autorità giudiziaria","PORNO","pornografia minorile e detenzione di materiale pedopornografico","YRDUR","durante l'anno di riferimento","2006","2006",333,,
"IT","Italia","CRIMEN","numero di delitti denunciati dalle forze di polizia all'autorità giudiziaria","PORNO","pornografia minorile e detenzione di materiale pedopornografico","YRDUR","durante l'anno di riferimento","2007","2007",412,,
"IT","Italia","CRIMEN","numero di delitti denunciati dalle forze di polizia all'autorità giudiziaria","PORNO","pornografia minorile e detenzione di materiale pedopornografico","YRDUR","durante l'anno di riferimento","2008","2008",537,,
"IT","Italia","CRIMEN","numero di delitti denunciati dalle forze di polizia all'autorità giudiziaria","PORNO","pornografia minorile e detenzione di materiale pedopornografico","YRDUR","durante l'anno di riferimento","2009","2009",543,,
"IT","Italia","CRIMEN","numero di delitti denunciati dalle forze di polizia all'autorità giudiziaria","PORNO","pornografia minorile e detenzione di materiale pedopornografico","YRDUR","durante l'anno di riferimento","2010","2010",380,,
"IT","Italia","CRIMEN","numero di delitti denunciati dalle forze di polizia all'autorità giudiziaria","PORNO","pornografia minorile e detenzione di materiale pedopornografico","YRDUR","durante l'anno di riferimento","2011","2011",322,,
"IT","Italia","CRIMEN","numero di delitti denunciati dalle forze di polizia all'autorità giudiziaria","PORNO","pornografia minorile e detenzione di materiale pedopornografico","YRDUR","durante l'anno di riferimento","2012","2012",380,,
"IT","Italia","CRIMEN","numero di delitti denunciati dalle forze di polizia all'autorità giudiziaria","PORNO","pornografia minorile e detenzione di materiale pedopornografico","YRDUR","durante l'anno di riferimento","2013","2013",489,,
"IT","Italia","CRIMEN","numero di delitti denunciati dalle forze di polizia all'autorità giudiziaria","PORNO","pornografia minorile e detenzione di materiale pedopornografico","YRDUR","durante l'anno di riferimento","2014","2014",544,,
"IT","Italia","CRIMEN","numero di delitti denunciati dalle forze di polizia all'autorità giudiziaria","PORNO","pornografia minorile e detenzione di materiale pedopornografico","YRDUR","durante l'anno di riferimento","2015","2015",614,,
"IT","Italia","CRIMEN","numero di delitti denunciati dalle forze di polizia all'autorità giudiziaria","PORNO","pornografia minorile e detenzione di materiale pedopornografico","YRDUR","durante l'anno di riferimento","2016","2016",490,,
"IT","Italia","CRIMEN","numero di delitti denunciati dalle forze di polizia all'autorità giudiziaria","PORNO","pornografia minorile e detenzione di materiale pedopornografico","YRDUR","durante l'anno di riferimento","2017","2017",560,,
"IT","Italia","CRIMEN","numero di delitti denunciati dalle forze di polizia all'autorità giudiziaria","PORNO","pornografia minorile e detenzione di materiale pedopornografico","YRDUR","durante l'anno di riferimento","2018","2018",613,,
"IT","Italia","CRIMEN","numero di delitti denunciati dalle forze di polizia all'autorità giudiziaria","PORNO","pornografia minorile e detenzione di materiale pedopornografico","YRDUR","durante l'anno di riferimento","2019","2019",793,,
"IT","Italia","CRIMEN","numero di delitti denunciati dalle forze di polizia all'autorità giudiziaria","THEFT","furti","YRDUR","durante l'anno di riferimento","2006","2006",1585201,,
"IT","Italia","CRIMEN","numero di delitti denunciati dalle forze di polizia all'autorità giudiziaria","THEFT","furti","YRDUR","durante l'anno di riferimento","2007","2007",1636656,,
"IT","Italia","CRIMEN","numero di delitti denunciati dalle forze di polizia all'autorità giudiziaria","THEFT","furti","YRDUR","durante l'anno di riferimento","2008","2008",1392544,,
"IT","Italia","CRIMEN","numero di delitti denunciati dalle forze di polizia all'autorità giudiziaria","THEFT","furti","YRDUR","durante l'anno di riferimento","2009","2009",1318076,,
"IT","Italia","CRIMEN","numero di delitti denunciati dalle forze di polizia all'autorità giudiziaria","THEFT","furti","YRDUR","durante l'anno di riferimento","2010","2010",1325013,,
"IT","Italia","CRIMEN","numero di delitti denunciati dalle forze di polizia all'autorità giudiziaria","THEFT","furti","YRDUR","durante l'anno di riferimento","2011","2011",1460205,,
"IT","Italia","CRIMEN","numero di delitti denunciati dalle forze di polizia all'autorità giudiziaria","THEFT","furti","YRDUR","durante l'anno di riferimento","2012","2012",1520623,,
"IT","Italia","CRIMEN","numero di delitti denunciati dalle forze di polizia all'autorità giudiziaria","THEFT","furti","YRDUR","durante l'anno di riferimento","2013","2013",1554777,,
"IT","Italia","CRIMEN","numero di delitti denunciati dalle forze di polizia all'autorità giudiziaria","THEFT","furti","YRDUR","durante l'anno di riferimento","2014","2014",1573213,,
"IT","Italia","CRIMEN","numero di delitti denunciati dalle forze di polizia all'autorità giudiziaria","THEFT","furti","YRDUR","durante l'anno di riferimento","2015","2015",1463527,,
"IT","Italia","CRIMEN","numero di delitti denunciati dalle forze di polizia all'autorità giudiziaria","THEFT","furti","YRDUR","durante l'anno di riferimento","2016","2016",1346630,,
"IT","Italia","CRIMEN","numero di delitti denunciati dalle forze di polizia all'autorità giudiziaria","THEFT","furti","YRDUR","durante l'anno di riferimento","2017","2017",1265678,,
"IT","Italia","CRIMEN","numero di delitti denunciati dalle forze di polizia all'autorità giudiziaria","THEFT","furti","YRDUR","durante l'anno di riferimento","2018","2018",1192592,,
"IT","Italia","CRIMEN","numero di delitti denunciati dalle forze di polizia all'autorità giudiziaria","THEFT","furti","YRDUR","durante l'anno di riferimento","2019","2019",1071776,,
"IT","Italia","CRIMEN","numero di delitti denunciati dalle forze di polizia all'autorità giudiziaria","ROBBER","rapine","YRDUR","durante l'anno di riferimento","2006","2006",50270,,
"IT","Italia","CRIMEN","numero di delitti denunciati dalle forze di polizia all'autorità giudiziaria","ROBBER","rapine","YRDUR","durante l'anno di riferimento","2007","2007",51210,,
"IT","Italia","CRIMEN","numero di delitti denunciati dalle forze di polizia all'autorità giudiziaria","ROBBER","rapine","YRDUR","durante l'anno di riferimento","2008","2008",45857,,
"IT","Italia","CRIMEN","numero di delitti denunciati dalle forze di polizia all'autorità giudiziaria","ROBBER","rapine","YRDUR","durante l'anno di riferimento","2009","2009",35822,,
"IT","Italia","CRIMEN","numero di delitti denunciati dalle forze di polizia all'autorità giudiziaria","ROBBER","rapine","YRDUR","durante l'anno di riferimento","2010","2010",33754,,
"IT","Italia","CRIMEN","numero di delitti denunciati dalle forze di polizia all'autorità giudiziaria","ROBBER","rapine","YRDUR","durante l'anno di riferimento","2011","2011",40549,,
"IT","Italia","CRIMEN","numero di delitti denunciati dalle forze di polizia all'autorità giudiziaria","ROBBER","rapine","YRDUR","durante l'anno di riferimento","2012","2012",42631,,
"IT","Italia","CRIMEN","numero di delitti denunciati dalle forze di polizia all'autorità giudiziaria","ROBBER","rapine","YRDUR","durante l'anno di riferimento","2013","2013",43754,,
"IT","Italia","CRIMEN","numero di delitti denunciati dalle forze di polizia all'autorità giudiziaria","ROBBER","rapine","YRDUR","durante l'anno di riferimento","2014","2014",39236,,
"IT","Italia","CRIMEN","numero di delitti denunciati dalle forze di polizia all'autorità giudiziaria","ROBBER","rapine","YRDUR","durante l'anno di riferimento","2015","2015",35068,,
"IT","Italia","CRIMEN","numero di delitti denunciati dalle forze di polizia all'autorità giudiziaria","ROBBER","rapine","YRDUR","durante l'anno di riferimento","2016","2016",32918,,
"IT","Italia","CRIMEN","numero di delitti denunciati dalle forze di polizia all'autorità giudiziaria","ROBBER","rapine","YRDUR","durante l'anno di riferimento","2017","2017",30564,,
"IT","Italia","CRIMEN","numero di delitti denunciati dalle forze di polizia all'autorità giudiziaria","ROBBER","rapine","YRDUR","durante l'anno di riferimento","2018","2018",28441,,
"IT","Italia","CRIMEN","numero di delitti denunciati dalle forze di polizia all'autorità giudiziaria","ROBBER","rapine","YRDUR","durante l'anno di riferimento","2019","2019",24276,,
"IT","Italia","CRIMEN","numero di delitti denunciati dalle forze di polizia all'autorità giudiziaria","EXTORT","estorsioni","YRDUR","durante l'anno di riferimento","2006","2006",5400,,
"IT","Italia","CRIMEN","numero di delitti denunciati dalle forze di polizia all'autorità giudiziaria","EXTORT","estorsioni","YRDUR","durante l'anno di riferimento","2007","2007",6545,,
"IT","Italia","CRIMEN","numero di delitti denunciati dalle forze di polizia all'autorità giudiziaria","EXTORT","estorsioni","YRDUR","durante l'anno di riferimento","2008","2008",6646,,
"IT","Italia","CRIMEN","numero di delitti denunciati dalle forze di polizia all'autorità giudiziaria","EXTORT","estorsioni","YRDUR","durante l'anno di riferimento","2009","2009",6189,,
"IT","Italia","CRIMEN","numero di delitti denunciati dalle forze di polizia all'autorità giudiziaria","EXTORT","estorsioni","YRDUR","durante l'anno di riferimento","2010","2010",5992,,
"IT","Italia","CRIMEN","numero di delitti denunciati dalle forze di polizia all'autorità giudiziaria","EXTORT","estorsioni","YRDUR","durante l'anno di riferimento","2011","2011",6099,,
"IT","Italia","CRIMEN","numero di delitti denunciati dalle forze di polizia all'autorità giudiziaria","EXTORT","estorsioni","YRDUR","durante l'anno di riferimento","2012","2012",6478,,
"IT","Italia","CRIMEN","numero di delitti denunciati dalle forze di polizia all'autorità giudiziaria","EXTORT","estorsioni","YRDUR","durante l'anno di riferimento","2013","2013",6884,,
"IT","Italia","CRIMEN","numero di delitti denunciati dalle forze di polizia all'autorità giudiziaria","EXTORT","estorsioni","YRDUR","durante l'anno di riferimento","2014","2014",8222,,
"IT","Italia","CRIMEN","numero di delitti denunciati dalle forze di polizia all'autorità giudiziaria","EXTORT","estorsioni","YRDUR","durante l'anno di riferimento","2015","2015",9839,,
"IT","Italia","CRIMEN","numero di delitti denunciati dalle forze di polizia all'autorità giudiziaria","EXTORT","estorsioni","YRDUR","durante l'anno di riferimento","2016","2016",9568,,
"IT","Italia","CRIMEN","numero di delitti denunciati dalle forze di polizia all'autorità giudiziaria","EXTORT","estorsioni","YRDUR","durante l'anno di riferimento","2017","2017",8496,,
"IT","Italia","CRIMEN","numero di delitti denunciati dalle forze di polizia all'autorità giudiziaria","EXTORT","estorsioni","YRDUR","durante l'anno di riferimento","2018","2018",9954,,
"IT","Italia","CRIMEN","numero di delitti denunciati dalle forze di polizia all'autorità giudiziaria","EXTORT","estorsioni","YRDUR","durante l'anno di riferimento","2019","2019",8997,,
"IT","Italia","CRIMEN","numero di delitti denunciati dalle forze di polizia all'autorità giudiziaria","SWINCYB","truffe e frodi informatiche","YRDUR","durante l'anno di riferimento","2006","2006",109059,,
"IT","Italia","CRIMEN","numero di delitti denunciati dalle forze di polizia all'autorità giudiziaria","SWINCYB","truffe e frodi informatiche","YRDUR","durante l'anno di riferimento","2007","2007",120710,,
"IT","Italia","CRIMEN","numero di delitti denunciati dalle forze di polizia all'autorità giudiziaria","SWINCYB","truffe e frodi informatiche","YRDUR","durante l'anno di riferimento","2008","2008",104174,,
"IT","Italia","CRIMEN","numero di delitti denunciati dalle forze di polizia all'autorità giudiziaria","SWINCYB","truffe e frodi informatiche","YRDUR","durante l'anno di riferimento","2009","2009",99366,,
"IT","Italia","CRIMEN","numero di delitti denunciati dalle forze di polizia all'autorità giudiziaria","SWINCYB","truffe e frodi informatiche","YRDUR","durante l'anno di riferimento","2010","2010",96442,,
"IT","Italia","CRIMEN","numero di delitti denunciati dalle forze di polizia all'autorità giudiziaria","SWINCYB","truffe e frodi informatiche","YRDUR","durante l'anno di riferimento","2011","2011",105692,,
"IT","Italia","CRIMEN","numero di delitti denunciati dalle forze di polizia all'autorità giudiziaria","SWINCYB","truffe e frodi informatiche","YRDUR","durante l'anno di riferimento","2012","2012",116767,,
"IT","Italia","CRIMEN","numero di delitti denunciati dalle forze di polizia all'autorità giudiziaria","SWINCYB","truffe e frodi informatiche","YRDUR","durante l'anno di riferimento","2013","2013",140614,,
"IT","Italia","CRIMEN","numero di delitti denunciati dalle forze di polizia all'autorità giudiziaria","SWINCYB","truffe e frodi informatiche","YRDUR","durante l'anno di riferimento","2014","2014",133261,,
"IT","Italia","CRIMEN","numero di delitti denunciati dalle forze di polizia all'autorità giudiziaria","SWINCYB","truffe e frodi informatiche","YRDUR","durante l'anno di riferimento","2015","2015",145010,,
"IT","Italia","CRIMEN","numero di delitti denunciati dalle forze di polizia all'autorità giudiziaria","SWINCYB","truffe e frodi informatiche","YRDUR","durante l'anno di riferimento","2016","2016",151464,,
"IT","Italia","CRIMEN","numero di delitti denunciati dalle forze di polizia all'autorità giudiziaria","SWINCYB","truffe e frodi informatiche","YRDUR","durante l'anno di riferimento","2017","2017",164157,,
"IT","Italia","CRIMEN","numero di delitti denunciati dalle forze di polizia all'autorità giudiziaria","SWINCYB","truffe e frodi informatiche","YRDUR","durante l'anno di riferimento","2018","2018",189105,,
"IT","Italia","CRIMEN","numero di delitti denunciati dalle forze di polizia all'autorità giudiziaria","SWINCYB","truffe e frodi informatiche","YRDUR","durante l'anno di riferimento","2019","2019",212106,,
"IT","Italia","CRIMEN","numero di delitti denunciati dalle forze di polizia all'autorità giudiziaria","CYBERCRIM","delitti informatici","YRDUR","durante l'anno di riferimento","2006","2006",2394,,
"IT","Italia","CRIMEN","numero di delitti denunciati dalle forze di polizia all'autorità giudiziaria","CYBERCRIM","delitti informatici","YRDUR","durante l'anno di riferimento","2007","2007",3799,,
"IT","Italia","CRIMEN","numero di delitti denunciati dalle forze di polizia all'autorità giudiziaria","CYBERCRIM","delitti informatici","YRDUR","durante l'anno di riferimento","2008","2008",4952,,
"IT","Italia","CRIMEN","numero di delitti denunciati dalle forze di polizia all'autorità giudiziaria","CYBERCRIM","delitti informatici","YRDUR","durante l'anno di riferimento","2009","2009",5510,,
"IT","Italia","CRIMEN","numero di delitti denunciati dalle forze di polizia all'autorità giudiziaria","CYBERCRIM","delitti informatici","YRDUR","durante l'anno di riferimento","2010","2010",5973,,
"IT","Italia","CRIMEN","numero di delitti denunciati dalle forze di polizia all'autorità giudiziaria","CYBERCRIM","delitti informatici","YRDUR","durante l'anno di riferimento","2011","2011",6933,,
"IT","Italia","CRIMEN","numero di delitti denunciati dalle forze di polizia all'autorità giudiziaria","CYBERCRIM","delitti informatici","YRDUR","durante l'anno di riferimento","2012","2012",7346,,
"IT","Italia","CRIMEN","numero di delitti denunciati dalle forze di polizia all'autorità giudiziaria","CYBERCRIM","delitti informatici","YRDUR","durante l'anno di riferimento","2013","2013",9421,,
"IT","Italia","CRIMEN","numero di delitti denunciati dalle forze di polizia all'autorità giudiziaria","CYBERCRIM","delitti informatici","YRDUR","durante l'anno di riferimento","2014","2014",10846,,
"IT","Italia","CRIMEN","numero di delitti denunciati dalle forze di polizia all'autorità giudiziaria","CYBERCRIM","delitti informatici","YRDUR","durante l'anno di riferimento","2015","2015",9857,,
"IT","Italia","CRIMEN","numero di delitti denunciati dalle forze di polizia all'autorità giudiziaria","CYBERCRIM","delitti informatici","YRDUR","durante l'anno di riferimento","2016","2016",10828,,
"IT","Italia","CRIMEN","numero di delitti denunciati dalle forze di polizia all'autorità giudiziaria","CYBERCRIM","delitti informatici","YRDUR","durante l'anno di riferimento","2017","2017",10586,,
"IT","Italia","CRIMEN","numero di delitti denunciati dalle forze di polizia all'autorità giudiziaria","CYBERCRIM","delitti informatici","YRDUR","durante l'anno di riferimento","2018","2018",13282,,
"IT","Italia","CRIMEN","numero di delitti denunciati dalle forze di polizia all'autorità giudiziaria","CYBERCRIM","delitti informatici","YRDUR","durante l'anno di riferimento","2019","2019",16148,,
"IT","Italia","CRIMEN","numero di delitti denunciati dalle forze di polizia all'autorità giudiziaria","COUNTER","contraffazione di marchi e prodotti industriali","YRDUR","durante l'anno di riferimento","2006","2006",2186,,
"IT","Italia","CRIMEN","numero di delitti denunciati dalle forze di polizia all'autorità giudiziaria","COUNTER","contraffazione di marchi e prodotti industriali","YRDUR","durante l'anno di riferimento","2007","2007",1863,,
"IT","Italia","CRIMEN","numero di delitti denunciati dalle forze di polizia all'autorità giudiziaria","COUNTER","contraffazione di marchi e prodotti industriali","YRDUR","durante l'anno di riferimento","2008","2008",1856,,
"IT","Italia","CRIMEN","numero di delitti denunciati dalle forze di polizia all'autorità giudiziaria","COUNTER","contraffazione di marchi e prodotti industriali","YRDUR","durante l'anno di riferimento","2009","2009",1654,,
"IT","Italia","CRIMEN","numero di delitti denunciati dalle forze di polizia all'autorità giudiziaria","COUNTER","contraffazione di marchi e prodotti industriali","YRDUR","durante l'anno di riferimento","2010","2010",11745,,
"IT","Italia","CRIMEN","numero di delitti denunciati dalle forze di polizia all'autorità giudiziaria","COUNTER","contraffazione di marchi e prodotti industriali","YRDUR","durante l'anno di riferimento","2011","2011",9201,,
"IT","Italia","CRIMEN","numero di delitti denunciati dalle forze di polizia all'autorità giudiziaria","COUNTER","contraffazione di marchi e prodotti industriali","YRDUR","durante l'anno di riferimento","2012","2012",8920,,
"IT","Italia","CRIMEN","numero di delitti denunciati dalle forze di polizia all'autorità giudiziaria","COUNTER","contraffazione di marchi e prodotti industriali","YRDUR","durante l'anno di riferimento","2013","2013",7465,,
"IT","Italia","CRIMEN","numero di delitti denunciati dalle forze di polizia all'autorità giudiziaria","COUNTER","contraffazione di marchi e prodotti industriali","YRDUR","durante l'anno di riferimento","2014","2014",7847,,
"IT","Italia","CRIMEN","numero di delitti denunciati dalle forze di polizia all'autorità giudiziaria","COUNTER","contraffazione di marchi e prodotti industriali","YRDUR","durante l'anno di riferimento","2015","2015",8455,,
"IT","Italia","CRIMEN","numero di delitti denunciati dalle forze di polizia all'autorità giudiziaria","COUNTER","contraffazione di marchi e prodotti industriali","YRDUR","durante l'anno di riferimento","2016","2016",7755,,
"IT","Italia","CRIMEN","numero di delitti denunciati dalle forze di polizia all'autorità giudiziaria","COUNTER","contraffazione di marchi e prodotti industriali","YRDUR","durante l'anno di riferimento","2017","2017",6356,,
"IT","Italia","CRIMEN","numero di delitti denunciati dalle forze di polizia all'autorità giudiziaria","COUNTER","contraffazione di marchi e prodotti industriali","YRDUR","durante l'anno di riferimento","2018","2018",5938,,
"IT","Italia","CRIMEN","numero di delitti denunciati dalle forze di polizia all'autorità giudiziaria","COUNTER","contraffazione di marchi e prodotti industriali","YRDUR","durante l'anno di riferimento","2019","2019",4989,,
"IT","Italia","CRIMEN","numero di delitti denunciati dalle forze di polizia all'autorità giudiziaria","INTPROP","violazione della proprietà intellettuale","YRDUR","durante l'anno di riferimento","2006","2006",6469,,
"IT","Italia","CRIMEN","numero di delitti denunciati dalle forze di polizia all'autorità giudiziaria","INTPROP","violazione della proprietà intellettuale","YRDUR","durante l'anno di riferimento","2007","2007",5601,,
"IT","Italia","CRIMEN","numero di delitti denunciati dalle forze di polizia all'autorità giudiziaria","INTPROP","violazione della proprietà intellettuale","YRDUR","durante l'anno di riferimento","2008","2008",4499,,
"IT","Italia","CRIMEN","numero di delitti denunciati dalle forze di polizia all'autorità giudiziaria","INTPROP","violazione della proprietà intellettuale","YRDUR","durante l'anno di riferimento","2009","2009",3438,,
"IT","Italia","CRIMEN","numero di delitti denunciati dalle forze di polizia all'autorità giudiziaria","INTPROP","violazione della proprietà intellettuale","YRDUR","durante l'anno di riferimento","2010","2010",2560,,
"IT","Italia","CRIMEN","numero di delitti denunciati dalle forze di polizia all'autorità giudiziaria","INTPROP","violazione della proprietà intellettuale","YRDUR","durante l'anno di riferimento","2011","2011",1935,,
"IT","Italia","CRIMEN","numero di delitti denunciati dalle forze di polizia all'autorità giudiziaria","INTPROP","violazione della proprietà intellettuale","YRDUR","durante l'anno di riferimento","2012","2012",1522,,
"IT","Italia","CRIMEN","numero di delitti denunciati dalle forze di polizia all'autorità giudiziaria","INTPROP","violazione della proprietà intellettuale","YRDUR","durante l'anno di riferimento","2013","2013",1075,,
"IT","Italia","CRIMEN","numero di delitti denunciati dalle forze di polizia all'autorità giudiziaria","INTPROP","violazione della proprietà intellettuale","YRDUR","durante l'anno di riferimento","2014","2014",1069,,
"IT","Italia","CRIMEN","numero di delitti denunciati dalle forze di polizia all'autorità giudiziaria","INTPROP","violazione della proprietà intellettuale","YRDUR","durante l'anno di riferimento","2015","2015",1211,,
"IT","Italia","CRIMEN","numero di delitti denunciati dalle forze di polizia all'autorità giudiziaria","INTPROP","violazione della proprietà intellettuale","YRDUR","durante l'anno di riferimento","2016","2016",1058,,
"IT","Italia","CRIMEN","numero di delitti denunciati dalle forze di polizia all'autorità giudiziaria","INTPROP","violazione della proprietà intellettuale","YRDUR","durante l'anno di riferimento","2017","2017",793,,
"IT","Italia","CRIMEN","numero di delitti denunciati dalle forze di polizia all'autorità giudiziaria","INTPROP","violazione della proprietà intellettuale","YRDUR","durante l'anno di riferimento","2018","2018",575,,
"IT","Italia","CRIMEN","numero di delitti denunciati dalle forze di polizia all'autorità giudiziaria","INTPROP","violazione della proprietà intellettuale","YRDUR","durante l'anno di riferimento","2019","2019",515,,
"IT","Italia","CRIMEN","numero di delitti denunciati dalle forze di polizia all'autorità giudiziaria","RECEIV","ricettazione","YRDUR","durante l'anno di riferimento","2006","2006",30042,,
"IT","Italia","CRIMEN","numero di delitti denunciati dalle forze di polizia all'autorità giudiziaria","RECEIV","ricettazione","YRDUR","durante l'anno di riferimento","2007","2007",31104,,
"IT","Italia","CRIMEN","numero di delitti denunciati dalle forze di polizia all'autorità giudiziaria","RECEIV","ricettazione","YRDUR","durante l'anno di riferimento","2008","2008",27786,,
"IT","Italia","CRIMEN","numero di delitti denunciati dalle forze di polizia all'autorità giudiziaria","RECEIV","ricettazione","YRDUR","durante l'anno di riferimento","2009","2009",23619,,
"IT","Italia","CRIMEN","numero di delitti denunciati dalle forze di polizia all'autorità giudiziaria","RECEIV","ricettazione","YRDUR","durante l'anno di riferimento","2010","2010",23686,,
"IT","Italia","CRIMEN","numero di delitti denunciati dalle forze di polizia all'autorità giudiziaria","RECEIV","ricettazione","YRDUR","durante l'anno di riferimento","2011","2011",23773,,
"IT","Italia","CRIMEN","numero di delitti denunciati dalle forze di polizia all'autorità giudiziaria","RECEIV","ricettazione","YRDUR","durante l'anno di riferimento","2012","2012",25080,,
"IT","Italia","CRIMEN","numero di delitti denunciati dalle forze di polizia all'autorità giudiziaria","RECEIV","ricettazione","YRDUR","durante l'anno di riferimento","2013","2013",25275,,
"IT","Italia","CRIMEN","numero di delitti denunciati dalle forze di polizia all'autorità giudiziaria","RECEIV","ricettazione","YRDUR","durante l'anno di riferimento","2014","2014",24935,,
"IT","Italia","CRIMEN","numero di delitti denunciati dalle forze di polizia all'autorità giudiziaria","RECEIV","ricettazione","YRDUR","durante l'anno di riferimento","2015","2015",23048,,
"IT","Italia","CRIMEN","numero di delitti denunciati dalle forze di polizia all'autorità giudiziaria","RECEIV","ricettazione","YRDUR","durante l'anno di riferimento","2016","2016",21693,,
"IT","Italia","CRIMEN","numero di delitti denunciati dalle forze di polizia all'autorità giudiziaria","RECEIV","ricettazione","YRDUR","durante l'anno di riferimento","2017","2017",20022,,
"IT","Italia","CRIMEN","numero di delitti denunciati dalle forze di polizia all'autorità giudiziaria","RECEIV","ricettazione","YRDUR","durante l'anno di riferimento","2018","2018",18182,,
"IT","Italia","CRIMEN","numero di delitti denunciati dalle forze di polizia all'autorità giudiziaria","RECEIV","ricettazione","YRDUR","durante l'anno di riferimento","2019","2019",16159,,
"IT","Italia","CRIMEN","numero di delitti denunciati dalle forze di polizia all'autorità giudiziaria","MONEYLAU","riciclaggio e impiego di denaro, beni o utilità di provenienza illecita","YRDUR","durante l'anno di riferimento","2006","2006",1193,,
"IT","Italia","CRIMEN","numero di delitti denunciati dalle forze di polizia all'autorità giudiziaria","MONEYLAU","riciclaggio e impiego di denaro, beni o utilità di provenienza illecita","YRDUR","durante l'anno di riferimento","2007","2007",1209,,
"IT","Italia","CRIMEN","numero di delitti denunciati dalle forze di polizia all'autorità giudiziaria","MONEYLAU","riciclaggio e impiego di denaro, beni o utilità di provenienza illecita","YRDUR","durante l'anno di riferimento","2008","2008",1253,,
"IT","Italia","CRIMEN","numero di delitti denunciati dalle forze di polizia all'autorità giudiziaria","MONEYLAU","riciclaggio e impiego di denaro, beni o utilità di provenienza illecita","YRDUR","durante l'anno di riferimento","2009","2009",1269,,
"IT","Italia","CRIMEN","numero di delitti denunciati dalle forze di polizia all'autorità giudiziaria","MONEYLAU","riciclaggio e impiego di denaro, beni o utilità di provenienza illecita","YRDUR","durante l'anno di riferimento","2010","2010",1344,,
"IT","Italia","CRIMEN","numero di delitti denunciati dalle forze di polizia all'autorità giudiziaria","MONEYLAU","riciclaggio e impiego di denaro, beni o utilità di provenienza illecita","YRDUR","durante l'anno di riferimento","2011","2011",1350,,
"IT","Italia","CRIMEN","numero di delitti denunciati dalle forze di polizia all'autorità giudiziaria","MONEYLAU","riciclaggio e impiego di denaro, beni o utilità di provenienza illecita","YRDUR","durante l'anno di riferimento","2012","2012",1685,,
"IT","Italia","CRIMEN","numero di delitti denunciati dalle forze di polizia all'autorità giudiziaria","MONEYLAU","riciclaggio e impiego di denaro, beni o utilità di provenienza illecita","YRDUR","durante l'anno di riferimento","2013","2013",1891,,
"IT","Italia","CRIMEN","numero di delitti denunciati dalle forze di polizia all'autorità giudiziaria","MONEYLAU","riciclaggio e impiego di denaro, beni o utilità di provenienza illecita","YRDUR","durante l'anno di riferimento","2014","2014",1604,,
"IT","Italia","CRIMEN","numero di delitti denunciati dalle forze di polizia all'autorità giudiziaria","MONEYLAU","riciclaggio e impiego di denaro, beni o utilità di provenienza illecita","YRDUR","durante l'anno di riferimento","2015","2015",1818,,
"IT","Italia","CRIMEN","numero di delitti denunciati dalle forze di polizia all'autorità giudiziaria","MONEYLAU","riciclaggio e impiego di denaro, beni o utilità di provenienza illecita","YRDUR","durante l'anno di riferimento","2016","2016",1745,,
"IT","Italia","CRIMEN","numero di delitti denunciati dalle forze di polizia all'autorità giudiziaria","MONEYLAU","riciclaggio e impiego di denaro, beni o utilità di provenienza illecita","YRDUR","durante l'anno di riferimento","2017","2017",1888,,
"IT","Italia","CRIMEN","numero di delitti denunciati dalle forze di polizia all'autorità giudiziaria","MONEYLAU","riciclaggio e impiego di denaro, beni o utilità di provenienza illecita","YRDUR","durante l'anno di riferimento","2018","2018",1872,,
"IT","Italia","CRIMEN","numero di delitti denunciati dalle forze di polizia all'autorità giudiziaria","MONEYLAU","riciclaggio e impiego di denaro, beni o utilità di provenienza illecita","YRDUR","durante l'anno di riferimento","2019","2019",1836,,
"IT","Italia","CRIMEN","numero di delitti denunciati dalle forze di polizia all'autorità giudiziaria","USURY","usura","YRDUR","durante l'anno di riferimento","2006","2006",353,,
"IT","Italia","CRIMEN","numero di delitti denunciati dalle forze di polizia all'autorità giudiziaria","USURY","usura","YRDUR","durante l'anno di riferimento","2007","2007",382,,
"IT","Italia","CRIMEN","numero di delitti denunciati dalle forze di polizia all'autorità giudiziaria","USURY","usura","YRDUR","durante l'anno di riferimento","2008","2008",375,,
"IT","Italia","CRIMEN","numero di delitti denunciati dalle forze di polizia all'autorità giudiziaria","USURY","usura","YRDUR","durante l'anno di riferimento","2009","2009",464,,
"IT","Italia","CRIMEN","numero di delitti denunciati dalle forze di polizia all'autorità giudiziaria","USURY","usura","YRDUR","durante l'anno di riferimento","2010","2010",374,,
"IT","Italia","CRIMEN","numero di delitti denunciati dalle forze di polizia all'autorità giudiziaria","USURY","usura","YRDUR","durante l'anno di riferimento","2011","2011",352,,
"IT","Italia","CRIMEN","numero di delitti denunciati dalle forze di polizia all'autorità giudiziaria","USURY","usura","YRDUR","durante l'anno di riferimento","2012","2012",405,,
"IT","Italia","CRIMEN","numero di delitti denunciati dalle forze di polizia all'autorità giudiziaria","USURY","usura","YRDUR","durante l'anno di riferimento","2013","2013",460,,
"IT","Italia","CRIMEN","numero di delitti denunciati dalle forze di polizia all'autorità giudiziaria","USURY","usura","YRDUR","durante l'anno di riferimento","2014","2014",405,,
"IT","Italia","CRIMEN","numero di delitti denunciati dalle forze di polizia all'autorità giudiziaria","USURY","usura","YRDUR","durante l'anno di riferimento","2015","2015",375,,
"IT","Italia","CRIMEN","numero di delitti denunciati dalle forze di polizia all'autorità giudiziaria","USURY","usura","YRDUR","durante l'anno di riferimento","2016","2016",408,,
"IT","Italia","CRIMEN","numero di delitti denunciati dalle forze di polizia all'autorità giudiziaria","USURY","usura","YRDUR","durante l'anno di riferimento","2017","2017",307,,
"IT","Italia","CRIMEN","numero di delitti denunciati dalle forze di polizia all'autorità giudiziaria","USURY","usura","YRDUR","durante l'anno di riferimento","2018","2018",189,,
"IT","Italia","CRIMEN","numero di delitti denunciati dalle forze di polizia all'autorità giudiziaria","USURY","usura","YRDUR","durante l'anno di riferimento","2019","2019",191,,
"IT","Italia","CRIMEN","numero di delitti denunciati dalle forze di polizia all'autorità giudiziaria","DAMAGE","danneggiamenti","YRDUR","durante l'anno di riferimento","2006","2006",344253,,
"IT","Italia","CRIMEN","numero di delitti denunciati dalle forze di polizia all'autorità giudiziaria","DAMAGE","danneggiamenti","YRDUR","durante l'anno di riferimento","2007","2007",384529,,
"IT","Italia","CRIMEN","numero di delitti denunciati dalle forze di polizia all'autorità giudiziaria","DAMAGE","danneggiamenti","YRDUR","durante l'anno di riferimento","2008","2008",402163,,
"IT","Italia","CRIMEN","numero di delitti denunciati dalle forze di polizia all'autorità giudiziaria","DAMAGE","danneggiamenti","YRDUR","durante l'anno di riferimento","2009","2009",415391,,
"IT","Italia","CRIMEN","numero di delitti denunciati dalle forze di polizia all'autorità giudiziaria","DAMAGE","danneggiamenti","YRDUR","durante l'anno di riferimento","2010","2010",414923,,
"IT","Italia","CRIMEN","numero di delitti denunciati dalle forze di polizia all'autorità giudiziaria","DAMAGE","danneggiamenti","YRDUR","durante l'anno di riferimento","2011","2011",398521,,
"IT","Italia","CRIMEN","numero di delitti denunciati dalle forze di polizia all'autorità giudiziaria","DAMAGE","danneggiamenti","YRDUR","durante l'anno di riferimento","2012","2012",364435,,
"IT","Italia","CRIMEN","numero di delitti denunciati dalle forze di polizia all'autorità giudiziaria","DAMAGE","danneggiamenti","YRDUR","durante l'anno di riferimento","2013","2013",341152,,
"IT","Italia","CRIMEN","numero di delitti denunciati dalle forze di polizia all'autorità giudiziaria","DAMAGE","danneggiamenti","YRDUR","durante l'anno di riferimento","2014","2014",279277,,
"IT","Italia","CRIMEN","numero di delitti denunciati dalle forze di polizia all'autorità giudiziaria","DAMAGE","danneggiamenti","YRDUR","durante l'anno di riferimento","2015","2015",284755,,
"IT","Italia","CRIMEN","numero di delitti denunciati dalle forze di polizia all'autorità giudiziaria","DAMAGE","danneggiamenti","YRDUR","durante l'anno di riferimento","2016","2016",249850,,
"IT","Italia","CRIMEN","numero di delitti denunciati dalle forze di polizia all'autorità giudiziaria","DAMAGE","danneggiamenti","YRDUR","durante l'anno di riferimento","2017","2017",253030,,
"IT","Italia","CRIMEN","numero di delitti denunciati dalle forze di polizia all'autorità giudiziaria","DAMAGE","danneggiamenti","YRDUR","durante l'anno di riferimento","2018","2018",257729,,
"IT","Italia","CRIMEN","numero di delitti denunciati dalle forze di polizia all'autorità giudiziaria","DAMAGE","danneggiamenti","YRDUR","durante l'anno di riferimento","2019","2019",262248,,
"IT","Italia","CRIMEN","numero di delitti denunciati dalle forze di polizia all'autorità giudiziaria","ARSON","incendi","YRDUR","durante l'anno di riferimento","2006","2006",12659,,
"IT","Italia","CRIMEN","numero di delitti denunciati dalle forze di polizia all'autorità giudiziaria","ARSON","incendi","YRDUR","durante l'anno di riferimento","2007","2007",16716,,
"IT","Italia","CRIMEN","numero di delitti denunciati dalle forze di polizia all'autorità giudiziaria","ARSON","incendi","YRDUR","durante l'anno di riferimento","2008","2008",12662,,
"IT","Italia","CRIMEN","numero di delitti denunciati dalle forze di polizia all'autorità giudiziaria","ARSON","incendi","YRDUR","durante l'anno di riferimento","2009","2009",10921,,
"IT","Italia","CRIMEN","numero di delitti denunciati dalle forze di polizia all'autorità giudiziaria","ARSON","incendi","YRDUR","durante l'anno di riferimento","2010","2010",9622,,
"IT","Italia","CRIMEN","numero di delitti denunciati dalle forze di polizia all'autorità giudiziaria","ARSON","incendi","YRDUR","durante l'anno di riferimento","2011","2011",12980,,
"IT","Italia","CRIMEN","numero di delitti denunciati dalle forze di polizia all'autorità giudiziaria","ARSON","incendi","YRDUR","durante l'anno di riferimento","2012","2012",13170,,
"IT","Italia","CRIMEN","numero di delitti denunciati dalle forze di polizia all'autorità giudiziaria","ARSON","incendi","YRDUR","durante l'anno di riferimento","2013","2013",7388,,
"IT","Italia","CRIMEN","numero di delitti denunciati dalle forze di polizia all'autorità giudiziaria","ARSON","incendi","YRDUR","durante l'anno di riferimento","2014","2014",6855,,
"IT","Italia","CRIMEN","numero di delitti denunciati dalle forze di polizia all'autorità giudiziaria","ARSON","incendi","YRDUR","durante l'anno di riferimento","2015","2015",8934,,
"IT","Italia","CRIMEN","numero di delitti denunciati dalle forze di polizia all'autorità giudiziaria","ARSON","incendi","YRDUR","durante l'anno di riferimento","2016","2016",8005,,
"IT","Italia","CRIMEN","numero di delitti denunciati dalle forze di polizia all'autorità giudiziaria","ARSON","incendi","YRDUR","durante l'anno di riferimento","2017","2017",10310,,
"IT","Italia","CRIMEN","numero di delitti denunciati dalle forze di polizia all'autorità giudiziaria","ARSON","incendi","YRDUR","durante l'anno di riferimento","2018","2018",4750,,
"IT","Italia","CRIMEN","numero di delitti denunciati dalle forze di polizia all'autorità giudiziaria","ARSON","incendi","YRDUR","durante l'anno di riferimento","2019","2019",6533,,
"IT","Italia","CRIMEN","numero di delitti denunciati dalle forze di polizia all'autorità giudiziaria","DAMARS","danneggiamento seguito da incendio","YRDUR","durante l'anno di riferimento","2006","2006",10104,,
"IT","Italia","CRIMEN","numero di delitti denunciati dalle forze di polizia all'autorità giudiziaria","DAMARS","danneggiamento seguito da incendio","YRDUR","durante l'anno di riferimento","2007","2007",11762,,
"IT","Italia","CRIMEN","numero di delitti denunciati dalle forze di polizia all'autorità giudiziaria","DAMARS","danneggiamento seguito da incendio","YRDUR","durante l'anno di riferimento","2008","2008",10728,,
"IT","Italia","CRIMEN","numero di delitti denunciati dalle forze di polizia all'autorità giudiziaria","DAMARS","danneggiamento seguito da incendio","YRDUR","durante l'anno di riferimento","2009","2009",9797,,
"IT","Italia","CRIMEN","numero di delitti denunciati dalle forze di polizia all'autorità giudiziaria","DAMARS","danneggiamento seguito da incendio","YRDUR","durante l'anno di riferimento","2010","2010",9721,,
"IT","Italia","CRIMEN","numero di delitti denunciati dalle forze di polizia all'autorità giudiziaria","DAMARS","danneggiamento seguito da incendio","YRDUR","durante l'anno di riferimento","2011","2011",10499,,
"IT","Italia","CRIMEN","numero di delitti denunciati dalle forze di polizia all'autorità giudiziaria","DAMARS","danneggiamento seguito da incendio","YRDUR","durante l'anno di riferimento","2012","2012",11209,,
"IT","Italia","CRIMEN","numero di delitti denunciati dalle forze di polizia all'autorità giudiziaria","DAMARS","danneggiamento seguito da incendio","YRDUR","durante l'anno di riferimento","2013","2013",9815,,
"IT","Italia","CRIMEN","numero di delitti denunciati dalle forze di polizia all'autorità giudiziaria","DAMARS","danneggiamento seguito da incendio","YRDUR","durante l'anno di riferimento","2014","2014",8572,,
"IT","Italia","CRIMEN","numero di delitti denunciati dalle forze di polizia all'autorità giudiziaria","DAMARS","danneggiamento seguito da incendio","YRDUR","durante l'anno di riferimento","2015","2015",8940,,
"IT","Italia","CRIMEN","numero di delitti denunciati dalle forze di polizia all'autorità giudiziaria","DAMARS","danneggiamento seguito da incendio","YRDUR","durante l'anno di riferimento","2016","2016",8502,,
"IT","Italia","CRIMEN","numero di delitti denunciati dalle forze di polizia all'autorità giudiziaria","DAMARS","danneggiamento seguito da incendio","YRDUR","durante l'anno di riferimento","2017","2017",9779,,
"IT","Italia","CRIMEN","numero di delitti denunciati dalle forze di polizia all'autorità giudiziaria","DAMARS","danneggiamento seguito da incendio","YRDUR","durante l'anno di riferimento","2018","2018",7655,,
"IT","Italia","CRIMEN","numero di delitti denunciati dalle forze di polizia all'autorità giudiziaria","DAMARS","danneggiamento seguito da incendio","YRDUR","durante l'anno di riferimento","2019","2019",7435,,
"IT","Italia","CRIMEN","numero di delitti denunciati dalle forze di polizia all'autorità giudiziaria","DRUG","normativa sugli stupefacenti","YRDUR","durante l'anno di riferimento","2006","2006",32306,,
"IT","Italia","CRIMEN","numero di delitti denunciati dalle forze di polizia all'autorità giudiziaria","DRUG","normativa sugli stupefacenti","YRDUR","durante l'anno di riferimento","2007","2007",34439,,
"IT","Italia","CRIMEN","numero di delitti denunciati dalle forze di polizia all'autorità giudiziaria","DRUG","normativa sugli stupefacenti","YRDUR","durante l'anno di riferimento","2008","2008",34082,,
"IT","Italia","CRIMEN","numero di delitti denunciati dalle forze di polizia all'autorità giudiziaria","DRUG","normativa sugli stupefacenti","YRDUR","durante l'anno di riferimento","2009","2009",34101,,
"IT","Italia","CRIMEN","numero di delitti denunciati dalle forze di polizia all'autorità giudiziaria","DRUG","normativa sugli stupefacenti","YRDUR","durante l'anno di riferimento","2010","2010",32761,,
"IT","Italia","CRIMEN","numero di delitti denunciati dalle forze di polizia all'autorità giudiziaria","DRUG","normativa sugli stupefacenti","YRDUR","durante l'anno di riferimento","2011","2011",34034,,
"IT","Italia","CRIMEN","numero di delitti denunciati dalle forze di polizia all'autorità giudiziaria","DRUG","normativa sugli stupefacenti","YRDUR","durante l'anno di riferimento","2012","2012",33852,,
"IT","Italia","CRIMEN","numero di delitti denunciati dalle forze di polizia all'autorità giudiziaria","DRUG","normativa sugli stupefacenti","YRDUR","durante l'anno di riferimento","2013","2013",33578,,
"IT","Italia","CRIMEN","numero di delitti denunciati dalle forze di polizia all'autorità giudiziaria","DRUG","normativa sugli stupefacenti","YRDUR","durante l'anno di riferimento","2014","2014",33246,,
"IT","Italia","CRIMEN","numero di delitti denunciati dalle forze di polizia all'autorità giudiziaria","DRUG","normativa sugli stupefacenti","YRDUR","durante l'anno di riferimento","2015","2015",32615,,
"IT","Italia","CRIMEN","numero di delitti denunciati dalle forze di polizia all'autorità giudiziaria","DRUG","normativa sugli stupefacenti","YRDUR","durante l'anno di riferimento","2016","2016",36133,,
"IT","Italia","CRIMEN","numero di delitti denunciati dalle forze di polizia all'autorità giudiziaria","DRUG","normativa sugli stupefacenti","YRDUR","durante l'anno di riferimento","2017","2017",39592,,
"IT","Italia","CRIMEN","numero di delitti denunciati dalle forze di polizia all'autorità giudiziaria","DRUG","normativa sugli stupefacenti","YRDUR","durante l'anno di riferimento","2018","2018",40371,,
"IT","Italia","CRIMEN","numero di delitti denunciati dalle forze di polizia all'autorità giudiziaria","DRUG","normativa sugli stupefacenti","YRDUR","durante l'anno di riferimento","2019","2019",39290,,
"IT","Italia","CRIMEN","numero di delitti denunciati dalle forze di polizia all'autorità giudiziaria","ATTACK","attentati","YRDUR","durante l'anno di riferimento","2006","2006",618,,
"IT","Italia","CRIMEN","numero di delitti denunciati dalle forze di polizia all'autorità giudiziaria","ATTACK","attentati","YRDUR","durante l'anno di riferimento","2007","2007",544,,
"IT","Italia","CRIMEN","numero di delitti denunciati dalle forze di polizia all'autorità giudiziaria","ATTACK","attentati","YRDUR","durante l'anno di riferimento","2008","2008",447,,
"IT","Italia","CRIMEN","numero di delitti denunciati dalle forze di polizia all'autorità giudiziaria","ATTACK","attentati","YRDUR","durante l'anno di riferimento","2009","2009",376,,
"IT","Italia","CRIMEN","numero di delitti denunciati dalle forze di polizia all'autorità giudiziaria","ATTACK","attentati","YRDUR","durante l'anno di riferimento","2010","2010",490,,
"IT","Italia","CRIMEN","numero di delitti denunciati dalle forze di polizia all'autorità giudiziaria","ATTACK","attentati","YRDUR","durante l'anno di riferimento","2011","2011",439,,
"IT","Italia","CRIMEN","numero di delitti denunciati dalle forze di polizia all'autorità giudiziaria","ATTACK","attentati","YRDUR","durante l'anno di riferimento","2012","2012",522,,
"IT","Italia","CRIMEN","numero di delitti denunciati dalle forze di polizia all'autorità giudiziaria","ATTACK","attentati","YRDUR","durante l'anno di riferimento","2013","2013",462,,
"IT","Italia","CRIMEN","numero di delitti denunciati dalle forze di polizia all'autorità giudiziaria","ATTACK","attentati","YRDUR","durante l'anno di riferimento","2014","2014",386,,
"IT","Italia","CRIMEN","numero di delitti denunciati dalle forze di polizia all'autorità giudiziaria","ATTACK","attentati","YRDUR","durante l'anno di riferimento","2015","2015",410,,
"IT","Italia","CRIMEN","numero di delitti denunciati dalle forze di polizia all'autorità giudiziaria","ATTACK","attentati","YRDUR","durante l'anno di riferimento","2016","2016",328,,
"IT","Italia","CRIMEN","numero di delitti denunciati dalle forze di polizia all'autorità giudiziaria","ATTACK","attentati","YRDUR","durante l'anno di riferimento","2017","2017",291,,
"IT","Italia","CRIMEN","numero di delitti denunciati dalle forze di polizia all'autorità giudiziaria","ATTACK","attentati","YRDUR","durante l'anno di riferimento","2018","2018",275,,
"IT","Italia","CRIMEN","numero di delitti denunciati dalle forze di polizia all'autorità giudiziaria","ATTACK","attentati","YRDUR","durante l'anno di riferimento","2019","2019",204,,
"IT","Italia","CRIMEN","numero di delitti denunciati dalle forze di polizia all'autorità giudiziaria","CRIMASS","associazione per delinquere","YRDUR","durante l'anno di riferimento","2006","2006",1074,,
"IT","Italia","CRIMEN","numero di delitti denunciati dalle forze di polizia all'autorità giudiziaria","CRIMASS","associazione per delinquere","YRDUR","durante l'anno di riferimento","2007","2007",1011,,
"IT","Italia","CRIMEN","numero di delitti denunciati dalle forze di polizia all'autorità giudiziaria","CRIMASS","associazione per delinquere","YRDUR","durante l'anno di riferimento","2008","2008",871,,
"IT","Italia","CRIMEN","numero di delitti denunciati dalle forze di polizia all'autorità giudiziaria","CRIMASS","associazione per delinquere","YRDUR","durante l'anno di riferimento","2009","2009",872,,
"IT","Italia","CRIMEN","numero di delitti denunciati dalle forze di polizia all'autorità giudiziaria","CRIMASS","associazione per delinquere","YRDUR","durante l'anno di riferimento","2010","2010",744,,
"IT","Italia","CRIMEN","numero di delitti denunciati dalle forze di polizia all'autorità giudiziaria","CRIMASS","associazione per delinquere","YRDUR","durante l'anno di riferimento","2011","2011",906,,
"IT","Italia","CRIMEN","numero di delitti denunciati dalle forze di polizia all'autorità giudiziaria","CRIMASS","associazione per delinquere","YRDUR","durante l'anno di riferimento","2012","2012",943,,
"IT","Italia","CRIMEN","numero di delitti denunciati dalle forze di polizia all'autorità giudiziaria","CRIMASS","associazione per delinquere","YRDUR","durante l'anno di riferimento","2013","2013",792,,
"IT","Italia","CRIMEN","numero di delitti denunciati dalle forze di polizia all'autorità giudiziaria","CRIMASS","associazione per delinquere","YRDUR","durante l'anno di riferimento","2014","2014",986,,
"IT","Italia","CRIMEN","numero di delitti denunciati dalle forze di polizia all'autorità giudiziaria","CRIMASS","associazione per delinquere","YRDUR","durante l'anno di riferimento","2015","2015",844,,
"IT","Italia","CRIMEN","numero di delitti denunciati dalle forze di polizia all'autorità giudiziaria","CRIMASS","associazione per delinquere","YRDUR","durante l'anno di riferimento","2016","2016",687,,
"IT","Italia","CRIMEN","numero di delitti denunciati dalle forze di polizia all'autorità giudiziaria","CRIMASS","associazione per delinquere","YRDUR","durante l'anno di riferimento","2017","2017",611,,
"IT","Italia","CRIMEN","numero di delitti denunciati dalle forze di polizia all'autorità giudiziaria","CRIMASS","associazione per delinquere","YRDUR","durante l'anno di riferimento","2018","2018",518,,
"IT","Italia","CRIMEN","numero di delitti denunciati dalle forze di polizia all'autorità giudiziaria","CRIMASS","associazione per delinquere","YRDUR","durante l'anno di riferimento","2019","2019",395,,
"IT","Italia","CRIMEN","numero di delitti denunciati dalle forze di polizia all'autorità giudiziaria","MAFIASS","associazione di tipo mafioso","YRDUR","durante l'anno di riferimento","2006","2006",128,,
"IT","Italia","CRIMEN","numero di delitti denunciati dalle forze di polizia all'autorità giudiziaria","MAFIASS","associazione di tipo mafioso","YRDUR","durante l'anno di riferimento","2007","2007",140,,
"IT","Italia","CRIMEN","numero di delitti denunciati dalle forze di polizia all'autorità giudiziaria","MAFIASS","associazione di tipo mafioso","YRDUR","durante l'anno di riferimento","2008","2008",125,,
"IT","Italia","CRIMEN","numero di delitti denunciati dalle forze di polizia all'autorità giudiziaria","MAFIASS","associazione di tipo mafioso","YRDUR","durante l'anno di riferimento","2009","2009",131,,
"IT","Italia","CRIMEN","numero di delitti denunciati dalle forze di polizia all'autorità giudiziaria","MAFIASS","associazione di tipo mafioso","YRDUR","durante l'anno di riferimento","2010","2010",128,,
"IT","Italia","CRIMEN","numero di delitti denunciati dalle forze di polizia all'autorità giudiziaria","MAFIASS","associazione di tipo mafioso","YRDUR","durante l'anno di riferimento","2011","2011",93,,
"IT","Italia","CRIMEN","numero di delitti denunciati dalle forze di polizia all'autorità giudiziaria","MAFIASS","associazione di tipo mafioso","YRDUR","durante l'anno di riferimento","2012","2012",68,,
"IT","Italia","CRIMEN","numero di delitti denunciati dalle forze di polizia all'autorità giudiziaria","MAFIASS","associazione di tipo mafioso","YRDUR","durante l'anno di riferimento","2013","2013",75,,
"IT","Italia","CRIMEN","numero di delitti denunciati dalle forze di polizia all'autorità giudiziaria","MAFIASS","associazione di tipo mafioso","YRDUR","durante l'anno di riferimento","2014","2014",89,,
"IT","Italia","CRIMEN","numero di delitti denunciati dalle forze di polizia all'autorità giudiziaria","MAFIASS","associazione di tipo mafioso","YRDUR","durante l'anno di riferimento","2015","2015",85,,
"IT","Italia","CRIMEN","numero di delitti denunciati dalle forze di polizia all'autorità giudiziaria","MAFIASS","associazione di tipo mafioso","YRDUR","durante l'anno di riferimento","2016","2016",81,,
"IT","Italia","CRIMEN","numero di delitti denunciati dalle forze di polizia all'autorità giudiziaria","MAFIASS","associazione di tipo mafioso","YRDUR","durante l'anno di riferimento","2017","2017",72,,
"IT","Italia","CRIMEN","numero di delitti denunciati dalle forze di polizia all'autorità giudiziaria","MAFIASS","associazione di tipo mafioso","YRDUR","durante l'anno di riferimento","2018","2018",93,,
"IT","Italia","CRIMEN","numero di delitti denunciati dalle forze di polizia all'autorità giudiziaria","MAFIASS","associazione di tipo mafioso","YRDUR","durante l'anno di riferimento","2019","2019",160,,
"IT","Italia","CRIMEN","numero di delitti denunciati dalle forze di polizia all'autorità giudiziaria","SMUGGL","contrabbando","YRDUR","durante l'anno di riferimento","2006","2006",1150,,
"IT","Italia","CRIMEN","numero di delitti denunciati dalle forze di polizia all'autorità giudiziaria","SMUGGL","contrabbando","YRDUR","durante l'anno di riferimento","2007","2007",1096,,
"IT","Italia","CRIMEN","numero di delitti denunciati dalle forze di polizia all'autorità giudiziaria","SMUGGL","contrabbando","YRDUR","durante l'anno di riferimento","2008","2008",1062,,
"IT","Italia","CRIMEN","numero di delitti denunciati dalle forze di polizia all'autorità giudiziaria","SMUGGL","contrabbando","YRDUR","durante l'anno di riferimento","2009","2009",1132,,
"IT","Italia","CRIMEN","numero di delitti denunciati dalle forze di polizia all'autorità giudiziaria","SMUGGL","contrabbando","YRDUR","durante l'anno di riferimento","2010","2010",1067,,
"IT","Italia","CRIMEN","numero di delitti denunciati dalle forze di polizia all'autorità giudiziaria","SMUGGL","contrabbando","YRDUR","durante l'anno di riferimento","2011","2011",1034,,
"IT","Italia","CRIMEN","numero di delitti denunciati dalle forze di polizia all'autorità giudiziaria","SMUGGL","contrabbando","YRDUR","durante l'anno di riferimento","2012","2012",1284,,
"IT","Italia","CRIMEN","numero di delitti denunciati dalle forze di polizia all'autorità giudiziaria","SMUGGL","contrabbando","YRDUR","durante l'anno di riferimento","2013","2013",1254,,
"IT","Italia","CRIMEN","numero di delitti denunciati dalle forze di polizia all'autorità giudiziaria","SMUGGL","contrabbando","YRDUR","durante l'anno di riferimento","2014","2014",1231,,
"IT","Italia","CRIMEN","numero di delitti denunciati dalle forze di polizia all'autorità giudiziaria","SMUGGL","contrabbando","YRDUR","durante l'anno di riferimento","2015","2015",1106,,
"IT","Italia","CRIMEN","numero di delitti denunciati dalle forze di polizia all'autorità giudiziaria","SMUGGL","contrabbando","YRDUR","durante l'anno di riferimento","2016","2016",408,,
"IT","Italia","CRIMEN","numero di delitti denunciati dalle forze di polizia all'autorità giudiziaria","SMUGGL","contrabbando","YRDUR","durante l'anno di riferimento","2017","2017",360,,
"IT","Italia","CRIMEN","numero di delitti denunciati dalle forze di polizia all'autorità giudiziaria","SMUGGL","contrabbando","YRDUR","durante l'anno di riferimento","2018","2018",427,,
"IT","Italia","CRIMEN","numero di delitti denunciati dalle forze di polizia all'autorità giudiziaria","SMUGGL","contrabbando","YRDUR","durante l'anno di riferimento","2019","2019",396,,
"IT","Italia","CRIMEN","numero di delitti denunciati dalle forze di polizia all'autorità giudiziaria","OTHCRIM","altri delitti","YRDUR","durante l'anno di riferimento","2006","2006",363629,,
"IT","Italia","CRIMEN","numero di delitti denunciati dalle forze di polizia all'autorità giudiziaria","OTHCRIM","altri delitti","YRDUR","durante l'anno di riferimento","2007","2007",388842,,
"IT","Italia","CRIMEN","numero di delitti denunciati dalle forze di polizia all'autorità giudiziaria","OTHCRIM","altri delitti","YRDUR","durante l'anno di riferimento","2008","2008",415138,,
"IT","Italia","CRIMEN","numero di delitti denunciati dalle forze di polizia all'autorità giudiziaria","OTHCRIM","altri delitti","YRDUR","durante l'anno di riferimento","2009","2009",420252,,
"IT","Italia","CRIMEN","numero di delitti denunciati dalle forze di polizia all'autorità giudiziaria","OTHCRIM","altri delitti","YRDUR","durante l'anno di riferimento","2010","2010",409525,,
"IT","Italia","CRIMEN","numero di delitti denunciati dalle forze di polizia all'autorità giudiziaria","OTHCRIM","altri delitti","YRDUR","durante l'anno di riferimento","2011","2011",403735,,
"IT","Italia","CRIMEN","numero di delitti denunciati dalle forze di polizia all'autorità giudiziaria","OTHCRIM","altri delitti","YRDUR","durante l'anno di riferimento","2012","2012",410997,,
"IT","Italia","CRIMEN","numero di delitti denunciati dalle forze di polizia all'autorità giudiziaria","OTHCRIM","altri delitti","YRDUR","durante l'anno di riferimento","2013","2013",459844,,
"IT","Italia","CRIMEN","numero di delitti denunciati dalle forze di polizia all'autorità giudiziaria","OTHCRIM","altri delitti","YRDUR","durante l'anno di riferimento","2014","2014",439120,,
"IT","Italia","CRIMEN","numero di delitti denunciati dalle forze di polizia all'autorità giudiziaria","OTHCRIM","altri delitti","YRDUR","durante l'anno di riferimento","2015","2015",420024,,
"IT","Italia","CRIMEN","numero di delitti denunciati dalle forze di polizia all'autorità giudiziaria","OTHCRIM","altri delitti","YRDUR","durante l'anno di riferimento","2016","2016",421285,,
"IT","Italia","CRIMEN","numero di delitti denunciati dalle forze di polizia all'autorità giudiziaria","OTHCRIM","altri delitti","YRDUR","durante l'anno di riferimento","2017","2017",439369,,
"IT","Italia","CRIMEN","numero di delitti denunciati dalle forze di polizia all'autorità giudiziaria","OTHCRIM","altri delitti","YRDUR","durante l'anno di riferimento","2018","2018",434648,,
"IT","Italia","CRIMEN","numero di delitti denunciati dalle forze di polizia all'autorità giudiziaria","OTHCRIM","altri delitti","YRDUR","durante l'anno di riferimento","2019","2019",463352,,
"IT","Italia","CRIMEN","numero di delitti denunciati dalle forze di polizia all'autorità giudiziaria","TOT","totale","YRDUR","durante l'anno di riferimento","2006","2006",2771490,,
"IT","Italia","CRIMEN","numero di delitti denunciati dalle forze di polizia all'autorità giudiziaria","TOT","totale","YRDUR","durante l'anno di riferimento","2007","2007",2933146,,
"IT","Italia","CRIMEN","numero di delitti denunciati dalle forze di polizia all'autorità giudiziaria","TOT","totale","YRDUR","durante l'anno di riferimento","2008","2008",2709888,,
"IT","Italia","CRIMEN","numero di delitti denunciati dalle forze di polizia all'autorità giudiziaria","TOT","totale","YRDUR","durante l'anno di riferimento","2009","2009",2629831,,
"IT","Italia","CRIMEN","numero di delitti denunciati dalle forze di polizia all'autorità giudiziaria","TOT","totale","YRDUR","durante l'anno di riferimento","2010","2010",2621019,,
"IT","Italia","CRIMEN","numero di delitti denunciati dalle forze di polizia all'autorità giudiziaria","TOT","totale","YRDUR","durante l'anno di riferimento","2011","2011",2763012,,
"IT","Italia","CRIMEN","numero di delitti denunciati dalle forze di polizia all'autorità giudiziaria","TOT","totale","YRDUR","durante l'anno di riferimento","2012","2012",2818834,,
"IT","Italia","CRIMEN","numero di delitti denunciati dalle forze di polizia all'autorità giudiziaria","TOT","totale","YRDUR","durante l'anno di riferimento","2013","2013",2892155,,
"IT","Italia","CRIMEN","numero di delitti denunciati dalle forze di polizia all'autorità giudiziaria","TOT","totale","YRDUR","durante l'anno di riferimento","2014","2014",2812936,,
"IT","Italia","CRIMEN","numero di delitti denunciati dalle forze di polizia all'autorità giudiziaria","TOT","totale","YRDUR","durante l'anno di riferimento","2015","2015",2687249,,
"IT","Italia","CRIMEN","numero di delitti denunciati dalle forze di polizia all'autorità giudiziaria","TOT","totale","YRDUR","durante l'anno di riferimento","2016","2016",2487389,,
"IT","Italia","CRIMEN","numero di delitti denunciati dalle forze di polizia all'autorità giudiziaria","TOT","totale","YRDUR","durante l'anno di riferimento","2017","2017",2429795,,
"IT","Italia","CRIMEN","numero di delitti denunciati dalle forze di polizia all'autorità giudiziaria","TOT","totale","YRDUR","durante l'anno di riferimento","2018","2018",2371806,,
"IT","Italia","CRIMEN","numero di delitti denunciati dalle forze di polizia all'autorità giudiziaria","TOT","totale","YRDUR","durante l'anno di riferimento","2019","2019",2301912,,
